0.000,0.000
0.002,-0.528
0.004,-0.528
0.006,-0.528
0.008,-0.524
0.010,-0.524
0.012,-0.524
0.014,-0.524
0.016,-0.528
0.018,-0.528
0.020,-0.528
0.022,-0.528
0.024,-0.524
0.026,-0.524
0.028,-0.524
0.030,-0.524
0.032,-0.524
0.034,-0.524
0.036,-0.524
0.038,-0.524
0.040,-0.524
0.042,-0.524
0.044,-0.524
0.046,-0.524
0.048,-0.534
0.050,-0.534
0.052,-0.534
0.054,-0.534
0.056,-0.539
0.058,-0.545
0.060,-0.551
0.062,-0.556
0.064,-0.551
0.066,-0.551
0.068,-0.551
0.070,-0.551
0.072,-0.551
0.074,-0.551
0.076,-0.551
0.078,-0.551
0.080,-0.551
0.082,-0.551
0.084,-0.551
0.086,-0.551
0.088,-0.545
0.090,-0.545
0.092,-0.545
0.094,-0.545
0.096,-0.556
0.098,-0.556
0.100,-0.556
0.102,-0.556
0.104,-0.562
0.106,-0.562
0.108,-0.562
0.110,-0.562
0.112,-0.551
0.114,-0.551
0.116,-0.551
0.118,-0.551
0.120,-0.551
0.122,-0.551
0.124,-0.551
0.126,-0.551
0.128,-0.551
0.130,-0.551
0.132,-0.551
0.134,-0.551
0.136,-0.534
0.138,-0.534
0.140,-0.534
0.142,-0.534
0.144,-0.528
0.146,-0.528
0.148,-0.528
0.150,-0.528
0.152,-0.519
0.154,-0.519
0.156,-0.519
0.158,-0.519
0.160,-0.519
0.162,-0.519
0.164,-0.519
0.166,-0.519
0.168,-0.524
0.170,-0.524
0.172,-0.524
0.174,-0.524
0.176,-0.524
0.178,-0.524
0.180,-0.524
0.182,-0.524
0.184,-0.524
0.186,-0.524
0.188,-0.524
0.190,-0.524
0.192,-0.524
0.194,-0.524
0.196,-0.524
0.198,-0.524
0.200,-0.528
0.202,-0.534
0.204,-0.539
0.206,-0.545
0.208,-0.551
0.210,-0.551
0.212,-0.551
0.214,-0.551
0.216,-0.567
0.218,-0.567
0.220,-0.567
0.222,-0.567
0.224,-0.567
0.226,-0.567
0.228,-0.567
0.230,-0.567
0.232,-0.567
0.234,-0.567
0.236,-0.567
0.238,-0.567
0.240,-0.567
0.242,-0.567
0.244,-0.567
0.246,-0.567
0.248,-0.578
0.250,-0.578
0.252,-0.578
0.254,-0.578
0.256,-0.583
0.258,-0.583
0.260,-0.583
0.262,-0.583
0.264,-0.578
0.266,-0.578
0.268,-0.578
0.270,-0.578
0.272,-0.567
0.274,-0.567
0.276,-0.567
0.278,-0.567
0.280,-0.572
0.282,-0.572
0.284,-0.572
0.286,-0.572
0.288,-0.567
0.290,-0.567
0.292,-0.567
0.294,-0.567
0.296,-0.562
0.298,-0.562
0.300,-0.562
0.302,-0.562
0.304,-0.556
0.306,-0.551
0.308,-0.545
0.310,-0.539
0.312,-0.551
0.314,-0.551
0.316,-0.551
0.318,-0.551
0.320,-0.551
0.322,-0.556
0.324,-0.562
0.326,-0.567
0.328,-0.562
0.330,-0.562
0.332,-0.562
0.334,-0.562
0.336,-0.572
0.338,-0.572
0.340,-0.572
0.342,-0.572
0.344,-0.578
0.346,-0.578
0.348,-0.578
0.350,-0.578
0.352,-0.583
0.354,-0.583
0.356,-0.583
0.358,-0.583
0.360,-0.578
0.362,-0.578
0.364,-0.578
0.366,-0.578
0.368,-0.578
0.370,-0.578
0.372,-0.578
0.374,-0.578
0.376,-0.583
0.378,-0.583
0.380,-0.583
0.382,-0.583
0.384,-0.578
0.386,-0.578
0.388,-0.578
0.390,-0.578
0.392,-0.589
0.394,-0.589
0.396,-0.589
0.398,-0.589
0.400,-0.589
0.402,-0.589
0.404,-0.589
0.406,-0.589
0.408,-0.589
0.410,-0.589
0.412,-0.589
0.414,-0.589
0.416,-0.583
0.418,-0.583
0.420,-0.583
0.422,-0.583
0.424,-0.578
0.426,-0.578
0.428,-0.578
0.430,-0.578
0.432,-0.562
0.434,-0.562
0.436,-0.562
0.438,-0.562
0.440,-0.545
0.442,-0.545
0.444,-0.545
0.446,-0.545
0.448,-0.553
0.450,-0.556
0.452,-0.558
0.454,-0.562
0.456,-0.567
0.458,-0.567
0.460,-0.567
0.462,-0.567
0.464,-0.572
0.466,-0.578
0.468,-0.583
0.470,-0.589
0.472,-0.583
0.474,-0.583
0.476,-0.583
0.478,-0.583
0.480,-0.572
0.482,-0.572
0.484,-0.572
0.486,-0.572
0.488,-0.567
0.490,-0.567
0.492,-0.567
0.494,-0.567
0.496,-0.567
0.498,-0.567
0.500,-0.567
0.502,-0.567
0.504,-0.567
0.506,-0.567
0.508,-0.567
0.510,-0.567
0.512,-0.583
0.514,-0.583
0.516,-0.583
0.518,-0.583
0.520,-0.583
0.522,-0.583
0.524,-0.583
0.526,-0.583
0.528,-0.583
0.530,-0.589
0.532,-0.594
0.534,-0.600
0.536,-0.600
0.538,-0.600
0.540,-0.600
0.542,-0.606
0.544,-0.606
0.546,-0.602
0.548,-0.602
0.550,-0.608
0.552,-0.600
0.554,-0.597
0.556,-0.594
0.558,-0.592
0.560,-0.592
0.562,-0.594
0.564,-0.594
0.566,-0.600
0.568,-0.594
0.570,-0.594
0.572,-0.594
0.574,-0.592
0.576,-0.592
0.578,-0.592
0.580,-0.592
0.582,-0.592
0.584,-0.592
0.586,-0.587
0.588,-0.587
0.590,-0.592
0.592,-0.587
0.594,-0.583
0.596,-0.581
0.598,-0.575
0.600,-0.594
0.602,-0.594
0.604,-0.597
0.606,-0.602
0.608,-0.606
0.610,-0.606
0.612,-0.606
0.614,-0.606
0.616,-0.606
0.618,-0.606
0.620,-0.606
0.622,-0.606
0.624,-0.600
0.626,-0.600
0.628,-0.594
0.630,-0.589
0.632,-0.589
0.634,-0.589
0.636,-0.589
0.638,-0.583
0.640,-0.589
0.642,-0.594
0.644,-0.594
0.646,-0.594
0.648,-0.587
0.650,-0.587
0.652,-0.587
0.654,-0.583
0.656,-0.594
0.658,-0.594
0.660,-0.594
0.662,-0.594
0.664,-0.600
0.666,-0.600
0.668,-0.600
0.670,-0.606
0.672,-0.594
0.674,-0.594
0.676,-0.587
0.678,-0.587
0.680,-0.594
0.682,-0.600
0.684,-0.592
0.686,-0.587
0.688,-0.587
0.690,-0.570
0.692,-0.558
0.694,-0.556
0.696,-0.543
0.698,-0.521
0.700,-0.504
0.702,-0.447
0.704,-0.379
0.706,-0.313
0.708,-0.247
0.710,-0.157
0.712,-0.058
0.714,0.013
0.716,0.057
0.718,0.082
0.720,0.115
0.722,0.183
0.724,0.249
0.726,0.293
0.728,0.320
0.730,0.337
0.732,0.370
0.734,0.383
0.736,0.383
0.738,0.381
0.740,0.381
0.742,0.397
0.744,0.421
0.746,0.457
0.748,0.496
0.750,0.543
0.752,0.606
0.754,0.649
0.756,0.665
0.758,0.693
0.760,0.743
0.762,0.787
0.764,0.811
0.766,0.833
0.768,0.844
0.770,0.830
0.772,0.806
0.774,0.773
0.776,0.758
0.778,0.726
0.780,0.682
0.782,0.625
0.784,0.564
0.786,0.537
0.788,0.493
0.790,0.452
0.792,0.402
0.794,0.345
0.796,0.276
0.798,0.213
0.800,0.172
0.802,0.145
0.804,0.115
0.806,0.093
0.808,0.071
0.810,0.016
0.812,-0.049
0.814,-0.124
0.816,-0.201
0.818,-0.274
0.820,-0.340
0.822,-0.376
0.824,-0.392
0.826,-0.428
0.828,-0.475
0.830,-0.513
0.832,-0.551
0.834,-0.578
0.836,-0.587
0.838,-0.583
0.840,-0.592
0.842,-0.608
0.844,-0.613
0.846,-0.619
0.848,-0.619
0.850,-0.630
0.852,-0.630
0.854,-0.630
0.856,-0.630
0.858,-0.619
0.860,-0.625
0.862,-0.625
0.864,-0.627
0.866,-0.636
0.868,-0.636
0.870,-0.638
0.872,-0.646
0.874,-0.646
0.876,-0.655
0.878,-0.661
0.880,-0.657
0.882,-0.663
0.884,-0.663
0.886,-0.663
0.888,-0.663
0.890,-0.663
0.892,-0.657
0.894,-0.657
0.896,-0.652
0.898,-0.657
0.900,-0.657
0.902,-0.657
0.904,-0.657
0.906,-0.646
0.908,-0.646
0.910,-0.646
0.912,-0.646
0.914,-0.663
0.916,-0.663
0.918,-0.663
0.920,-0.663
0.922,-0.663
0.924,-0.665
0.926,-0.665
0.928,-0.665
0.930,-0.671
0.932,-0.669
0.934,-0.669
0.936,-0.671
0.938,-0.665
0.940,-0.665
0.942,-0.674
0.944,-0.674
0.946,-0.682
0.948,-0.682
0.950,-0.682
0.952,-0.684
0.954,-0.690
0.956,-0.690
0.958,-0.701
0.960,-0.701
0.962,-0.701
0.964,-0.707
0.966,-0.718
0.968,-0.718
0.970,-0.731
0.972,-0.731
0.974,-0.734
0.976,-0.734
0.978,-0.734
0.980,-0.734
0.982,-0.739
0.984,-0.745
0.986,-0.745
0.988,-0.745
0.990,-0.751
0.992,-0.758
0.994,-0.753
0.996,-0.753
0.998,-0.753
1.000,-0.758
1.002,-0.770
1.004,-0.773
1.006,-0.775
1.008,-0.783
1.010,-0.773
1.012,-0.778
1.014,-0.783
1.016,-0.787
1.018,-0.798
1.020,-0.808
1.022,-0.821
1.024,-0.833
1.026,-0.836
1.028,-0.836
1.030,-0.833
1.032,-0.827
1.034,-0.827
1.036,-0.836
1.038,-0.846
1.040,-0.846
1.042,-0.844
1.044,-0.844
1.046,-0.842
1.048,-0.842
1.050,-0.836
1.052,-0.838
1.054,-0.842
1.056,-0.844
1.058,-0.846
1.060,-0.846
1.062,-0.849
1.064,-0.846
1.066,-0.838
1.068,-0.830
1.070,-0.827
1.072,-0.821
1.074,-0.836
1.076,-0.821
1.078,-0.825
1.080,-0.819
1.082,-0.817
1.084,-0.811
1.086,-0.806
1.088,-0.794
1.090,-0.787
1.092,-0.775
1.094,-0.773
1.096,-0.762
1.098,-0.751
1.100,-0.745
1.102,-0.729
1.104,-0.718
1.106,-0.707
1.108,-0.696
1.110,-0.684
1.112,-0.674
1.114,-0.671
1.116,-0.655
1.118,-0.638
1.120,-0.636
1.122,-0.619
1.124,-0.611
1.126,-0.600
1.128,-0.589
1.130,-0.578
1.132,-0.564
1.134,-0.553
1.136,-0.545
1.138,-0.521
1.140,-0.513
1.142,-0.500
1.144,-0.497
1.146,-0.485
1.148,-0.472
1.150,-0.466
1.152,-0.458
1.154,-0.451
1.156,-0.451
1.158,-0.447
1.160,-0.451
1.162,-0.451
1.164,-0.461
1.166,-0.470
1.168,-0.470
1.170,-0.480
1.172,-0.497
1.174,-0.508
1.176,-0.516
1.178,-0.524
1.180,-0.526
1.182,-0.531
1.184,-0.534
1.186,-0.547
1.188,-0.556
1.190,-0.558
1.192,-0.564
1.194,-0.570
1.196,-0.570
1.198,-0.567
1.200,-0.572
1.202,-0.575
1.204,-0.581
1.206,-0.583
1.208,-0.592
1.210,-0.581
1.212,-0.587
1.214,-0.587
1.216,-0.587
1.218,-0.592
1.220,-0.592
1.222,-0.592
1.224,-0.589
1.226,-0.594
1.228,-0.594
1.230,-0.594
1.232,-0.594
1.234,-0.592
1.236,-0.589
1.238,-0.589
1.240,-0.594
1.242,-0.600
1.244,-0.600
1.246,-0.600
1.248,-0.602
1.250,-0.602
1.252,-0.602
1.254,-0.600
1.256,-0.600
1.258,-0.597
1.260,-0.602
1.262,-0.602
1.264,-0.602
1.266,-0.589
1.268,-0.589
1.270,-0.592
1.272,-0.592
1.274,-0.587
1.276,-0.587
1.278,-0.587
1.280,-0.583
1.282,-0.583
1.284,-0.594
1.286,-0.602
1.288,-0.602
1.290,-0.600
1.292,-0.594
1.294,-0.597
1.296,-0.594
1.298,-0.597
1.300,-0.597
1.302,-0.597
1.304,-0.597
1.306,-0.602
1.308,-0.600
1.310,-0.606
1.312,-0.606
1.314,-0.608
1.316,-0.611
1.318,-0.613
1.320,-0.616
1.322,-0.616
1.324,-0.619
1.326,-0.625
1.328,-0.627
1.330,-0.625
1.332,-0.627
1.334,-0.640
1.336,-0.633
1.338,-0.633
1.340,-0.633
1.342,-0.627
1.344,-0.627
1.346,-0.644
1.348,-0.644
1.350,-0.644
1.352,-0.638
1.354,-0.644
1.356,-0.644
1.358,-0.644
1.360,-0.644
1.362,-0.644
1.364,-0.638
1.366,-0.638
1.368,-0.633
1.370,-0.644
1.372,-0.638
1.374,-0.638
1.376,-0.638
1.378,-0.627
1.380,-0.627
1.382,-0.621
1.384,-0.616
1.386,-0.606
1.388,-0.602
1.390,-0.602
1.392,-0.597
1.394,-0.597
1.396,-0.602
1.398,-0.602
1.400,-0.602
1.402,-0.597
1.404,-0.597
1.406,-0.597
1.408,-0.602
1.410,-0.602
1.412,-0.597
1.414,-0.594
1.416,-0.589
1.418,-0.583
1.420,-0.583
1.422,-0.583
1.424,-0.583
1.426,-0.583
1.428,-0.589
1.430,-0.594
1.432,-0.594
1.434,-0.589
1.436,-0.589
1.438,-0.583
1.440,-0.587
1.442,-0.592
1.444,-0.592
1.446,-0.602
1.448,-0.602
1.450,-0.602
1.452,-0.602
1.454,-0.613
1.456,-0.621
1.458,-0.621
1.460,-0.621
1.462,-0.621
1.464,-0.621
1.466,-0.627
1.468,-0.627
1.470,-0.627
1.472,-0.627
1.474,-0.627
1.476,-0.627
1.478,-0.627
1.480,-0.627
1.482,-0.633
1.484,-0.633
1.486,-0.633
1.488,-0.633
1.490,-0.633
1.492,-0.633
1.494,-0.633
1.496,-0.633
1.498,-0.633
1.500,-0.633
1.502,-0.633
1.504,-0.633
1.506,-0.627
1.508,-0.627
1.510,-0.627
1.512,-0.627
1.514,-0.616
1.516,-0.616
1.518,-0.616
1.520,-0.616
1.522,-0.616
1.524,-0.616
1.526,-0.621
1.528,-0.621
1.530,-0.619
1.532,-0.619
1.534,-0.625
1.536,-0.625
1.538,-0.613
1.540,-0.613
1.542,-0.613
1.544,-0.613
1.546,-0.613
1.548,-0.611
1.550,-0.613
1.552,-0.611
1.554,-0.621
1.556,-0.621
1.558,-0.619
1.560,-0.619
1.562,-0.616
1.564,-0.613
1.566,-0.611
1.568,-0.608
1.570,-0.597
1.572,-0.597
1.574,-0.602
1.576,-0.602
1.578,-0.606
1.580,-0.602
1.582,-0.597
1.584,-0.597
1.586,-0.594
1.588,-0.600
1.590,-0.608
1.592,-0.616
1.594,-0.616
1.596,-0.616
1.598,-0.616
1.600,-0.616
1.602,-0.619
1.604,-0.621
1.606,-0.625
1.608,-0.627
1.610,-0.627
1.612,-0.627
1.614,-0.627
1.616,-0.621
1.618,-0.638
1.620,-0.638
1.622,-0.633
1.624,-0.633
1.626,-0.644
1.628,-0.644
1.630,-0.644
1.632,-0.646
1.634,-0.646
1.636,-0.646
1.638,-0.644
1.640,-0.644
1.642,-0.644
1.644,-0.644
1.646,-0.644
1.648,-0.644
1.650,-0.644
1.652,-0.638
1.654,-0.638
1.656,-0.633
1.658,-0.621
1.660,-0.613
1.662,-0.613
1.664,-0.616
1.666,-0.600
1.668,-0.602
1.670,-0.597
1.672,-0.592
1.674,-0.587
1.676,-0.570
1.678,-0.551
1.680,-0.521
1.682,-0.483
1.684,-0.445
1.686,-0.398
1.688,-0.346
1.690,-0.280
1.692,-0.203
1.694,-0.112
1.696,-0.020
1.698,0.052
1.700,0.096
1.702,0.120
1.704,0.158
1.706,0.221
1.708,0.276
1.710,0.320
1.712,0.364
1.714,0.413
1.716,0.452
1.718,0.465
1.720,0.460
1.722,0.463
1.724,0.452
1.726,0.474
1.728,0.509
1.730,0.545
1.732,0.583
1.734,0.657
1.736,0.720
1.738,0.754
1.740,0.770
1.742,0.802
1.744,0.857
1.746,0.901
1.748,0.931
1.750,0.943
1.752,0.943
1.754,0.918
1.756,0.888
1.758,0.861
1.760,0.842
1.762,0.798
1.764,0.758
1.766,0.712
1.768,0.669
1.770,0.630
1.772,0.602
1.774,0.534
1.776,0.463
1.778,0.406
1.780,0.343
1.782,0.290
1.784,0.244
1.786,0.210
1.788,0.181
1.790,0.158
1.792,0.115
1.794,0.065
1.796,0.000
1.798,-0.069
1.800,-0.146
1.802,-0.226
1.804,-0.297
1.806,-0.354
1.808,-0.398
1.810,-0.439
1.812,-0.491
1.814,-0.524
1.816,-0.545
1.818,-0.567
1.820,-0.592
1.822,-0.594
1.824,-0.602
1.826,-0.630
1.828,-0.636
1.830,-0.640
1.832,-0.640
1.834,-0.652
1.836,-0.652
1.838,-0.652
1.840,-0.652
1.842,-0.657
1.844,-0.663
1.846,-0.663
1.848,-0.665
1.850,-0.655
1.852,-0.657
1.854,-0.663
1.856,-0.674
1.858,-0.669
1.860,-0.671
1.862,-0.671
1.864,-0.663
1.866,-0.674
1.868,-0.674
1.870,-0.674
1.872,-0.674
1.874,-0.680
1.876,-0.680
1.878,-0.684
1.880,-0.684
1.882,-0.696
1.884,-0.696
1.886,-0.696
1.888,-0.696
1.890,-0.701
1.892,-0.701
1.894,-0.701
1.896,-0.701
1.898,-0.707
1.900,-0.707
1.902,-0.707
1.904,-0.707
1.906,-0.718
1.908,-0.720
1.910,-0.720
1.912,-0.720
1.914,-0.726
1.916,-0.724
1.918,-0.724
1.920,-0.726
1.922,-0.731
1.924,-0.731
1.926,-0.739
1.928,-0.739
1.930,-0.726
1.932,-0.726
1.934,-0.726
1.936,-0.729
1.938,-0.724
1.940,-0.724
1.942,-0.734
1.944,-0.734
1.946,-0.745
1.948,-0.751
1.950,-0.762
1.952,-0.762
1.954,-0.758
1.956,-0.758
1.958,-0.762
1.960,-0.762
1.962,-0.762
1.964,-0.767
1.966,-0.778
1.968,-0.789
1.970,-0.783
1.972,-0.778
1.974,-0.778
1.976,-0.781
1.978,-0.787
1.980,-0.787
1.982,-0.787
1.984,-0.792
1.986,-0.787
1.988,-0.789
1.990,-0.792
1.992,-0.800
1.994,-0.811
1.996,-0.817
1.998,-0.821
2.000,-0.825
2.002,-0.836
2.004,-0.842
2.006,-0.849
2.008,-0.855
2.010,-0.869
2.012,-0.874
2.014,-0.876
2.016,-0.876
2.018,-0.888
2.020,-0.896
2.022,-0.907
2.024,-0.907
2.026,-0.910
2.028,-0.915
2.030,-0.918
2.032,-0.924
2.034,-0.937
2.036,-0.943
2.038,-0.948
2.040,-0.954
2.042,-0.945
2.044,-0.945
2.046,-0.948
2.048,-0.945
2.050,-0.937
2.052,-0.929
2.054,-0.926
2.056,-0.920
2.058,-0.924
2.060,-0.910
2.062,-0.912
2.064,-0.907
2.066,-0.910
2.068,-0.904
2.070,-0.899
2.072,-0.888
2.074,-0.880
2.076,-0.869
2.078,-0.866
2.080,-0.855
2.082,-0.855
2.084,-0.849
2.086,-0.833
2.088,-0.821
2.090,-0.806
2.092,-0.794
2.094,-0.783
2.096,-0.773
2.098,-0.775
2.100,-0.758
2.102,-0.743
2.104,-0.739
2.106,-0.712
2.108,-0.704
2.110,-0.693
2.112,-0.682
2.114,-0.674
2.116,-0.657
2.118,-0.644
2.120,-0.633
2.122,-0.627
2.124,-0.616
2.126,-0.600
2.128,-0.594
2.130,-0.589
2.132,-0.587
2.134,-0.592
2.136,-0.594
2.138,-0.583
2.140,-0.581
2.142,-0.575
2.144,-0.575
2.146,-0.572
2.148,-0.581
2.150,-0.587
2.152,-0.583
2.154,-0.581
2.156,-0.589
2.158,-0.592
2.160,-0.592
2.162,-0.600
2.164,-0.602
2.166,-0.608
2.168,-0.611
2.170,-0.619
2.172,-0.621
2.174,-0.619
2.176,-0.619
2.178,-0.621
2.180,-0.625
2.182,-0.625
2.184,-0.633
2.186,-0.633
2.188,-0.636
2.190,-0.636
2.192,-0.640
2.194,-0.640
2.196,-0.646
2.198,-0.646
2.200,-0.646
2.202,-0.652
2.204,-0.652
2.206,-0.652
2.208,-0.649
2.210,-0.644
2.212,-0.644
2.214,-0.644
2.216,-0.644
2.218,-0.636
2.220,-0.633
2.222,-0.633
2.224,-0.638
2.226,-0.633
2.228,-0.633
2.230,-0.633
2.232,-0.636
2.234,-0.636
2.236,-0.636
2.238,-0.633
2.240,-0.633
2.242,-0.636
2.244,-0.640
2.246,-0.640
2.248,-0.640
2.250,-0.644
2.252,-0.644
2.254,-0.646
2.256,-0.646
2.258,-0.640
2.260,-0.640
2.262,-0.640
2.264,-0.638
2.266,-0.644
2.268,-0.649
2.270,-0.652
2.272,-0.646
2.274,-0.652
2.276,-0.649
2.278,-0.655
2.280,-0.655
2.282,-0.663
2.284,-0.663
2.286,-0.663
2.288,-0.663
2.290,-0.657
2.292,-0.661
2.294,-0.671
2.296,-0.676
2.298,-0.674
2.300,-0.671
2.302,-0.669
2.304,-0.665
2.306,-0.649
2.308,-0.652
2.310,-0.657
2.312,-0.661
2.314,-0.671
2.316,-0.671
2.318,-0.682
2.320,-0.671
2.322,-0.682
2.324,-0.682
2.326,-0.676
2.328,-0.676
2.330,-0.676
2.332,-0.676
2.334,-0.676
2.336,-0.671
2.338,-0.655
2.340,-0.665
2.342,-0.661
2.344,-0.661
2.346,-0.661
2.348,-0.661
2.350,-0.661
2.352,-0.661
2.354,-0.661
2.356,-0.661
2.358,-0.655
2.360,-0.655
2.362,-0.652
2.364,-0.652
2.366,-0.646
2.368,-0.646
2.370,-0.646
2.372,-0.646
2.374,-0.636
2.376,-0.636
2.378,-0.638
2.380,-0.638
2.382,-0.638
2.384,-0.638
2.386,-0.638
2.388,-0.638
2.390,-0.640
2.392,-0.640
2.394,-0.640
2.396,-0.640
2.398,-0.644
2.400,-0.646
2.402,-0.644
2.404,-0.646
2.406,-0.640
2.408,-0.640
2.410,-0.638
2.412,-0.636
2.414,-0.640
2.416,-0.646
2.418,-0.649
2.420,-0.655
2.422,-0.652
2.424,-0.655
2.426,-0.655
2.428,-0.655
2.430,-0.655
2.432,-0.655
2.434,-0.655
2.436,-0.655
2.438,-0.649
2.440,-0.649
2.442,-0.655
2.444,-0.655
2.446,-0.649
2.448,-0.644
2.450,-0.644
2.452,-0.644
2.454,-0.633
2.456,-0.633
2.458,-0.638
2.460,-0.638
2.462,-0.644
2.464,-0.652
2.466,-0.657
2.468,-0.663
2.470,-0.674
2.472,-0.676
2.474,-0.680
2.476,-0.682
2.478,-0.676
2.480,-0.676
2.482,-0.676
2.484,-0.676
2.486,-0.676
2.488,-0.676
2.490,-0.676
2.492,-0.669
2.494,-0.663
2.496,-0.665
2.498,-0.661
2.501,-0.646
2.503,-0.646
2.505,-0.640
2.507,-0.636
2.509,-0.630
2.511,-0.616
2.513,-0.587
2.515,-0.553
2.517,-0.510
2.519,-0.458
2.521,-0.417
2.523,-0.363
2.525,-0.291
2.527,-0.206
2.529,-0.112
2.531,-0.015
2.533,0.057
2.535,0.088
2.537,0.120
2.539,0.166
2.541,0.221
2.543,0.271
2.545,0.326
2.547,0.370
2.549,0.408
2.551,0.444
2.553,0.455
2.555,0.452
2.557,0.440
2.559,0.463
2.561,0.499
2.563,0.551
2.565,0.583
2.567,0.642
2.569,0.715
2.571,0.775
2.573,0.813
2.575,0.836
2.577,0.880
2.579,0.924
2.581,0.970
2.583,0.987
2.585,0.992
2.587,0.989
2.589,0.970
2.591,0.948
2.593,0.907
2.595,0.880
2.597,0.825
2.599,0.767
2.601,0.724
2.603,0.674
2.605,0.630
2.607,0.600
2.609,0.551
2.611,0.476
2.613,0.402
2.615,0.328
2.617,0.276
2.619,0.216
2.621,0.185
2.623,0.170
2.625,0.142
2.627,0.093
2.629,0.027
2.631,-0.036
2.633,-0.112
2.635,-0.181
2.637,-0.264
2.639,-0.343
2.641,-0.398
2.643,-0.434
2.645,-0.485
2.647,-0.545
2.649,-0.578
2.651,-0.589
2.653,-0.613
2.655,-0.621
2.657,-0.630
2.659,-0.657
2.661,-0.663
2.663,-0.669
2.665,-0.669
2.667,-0.684
2.669,-0.684
2.671,-0.684
2.673,-0.684
2.675,-0.684
2.677,-0.690
2.679,-0.690
2.681,-0.693
2.683,-0.690
2.685,-0.690
2.687,-0.693
2.689,-0.701
2.691,-0.701
2.693,-0.709
2.695,-0.715
2.697,-0.712
2.699,-0.715
2.701,-0.718
2.703,-0.720
2.705,-0.724
2.707,-0.718
2.709,-0.718
2.711,-0.724
2.713,-0.724
2.715,-0.724
2.717,-0.724
2.719,-0.724
2.721,-0.724
2.723,-0.724
2.725,-0.724
2.727,-0.724
2.729,-0.724
2.731,-0.734
2.733,-0.734
2.735,-0.734
2.737,-0.734
2.739,-0.734
2.741,-0.737
2.743,-0.737
2.745,-0.737
2.747,-0.753
2.749,-0.751
2.751,-0.751
2.753,-0.753
2.755,-0.758
2.757,-0.758
2.759,-0.767
2.761,-0.767
2.763,-0.781
2.765,-0.781
2.767,-0.781
2.769,-0.783
2.771,-0.773
2.773,-0.773
2.775,-0.783
2.777,-0.783
2.779,-0.783
2.781,-0.789
2.783,-0.800
2.785,-0.800
2.787,-0.798
2.789,-0.798
2.791,-0.800
2.793,-0.800
2.795,-0.789
2.797,-0.789
2.799,-0.794
2.801,-0.800
2.803,-0.806
2.805,-0.806
2.807,-0.811
2.809,-0.819
2.811,-0.825
2.813,-0.825
2.815,-0.825
2.817,-0.830
2.819,-0.842
2.821,-0.844
2.823,-0.846
2.825,-0.855
2.827,-0.866
2.829,-0.871
2.831,-0.876
2.833,-0.880
2.835,-0.890
2.837,-0.896
2.839,-0.904
2.841,-0.910
2.843,-0.924
2.845,-0.929
2.847,-0.931
2.849,-0.931
2.851,-0.931
2.853,-0.939
2.855,-0.951
2.857,-0.951
2.859,-0.954
2.861,-0.958
2.863,-0.962
2.865,-0.967
2.867,-0.979
2.869,-0.981
2.871,-0.983
2.873,-0.987
2.875,-0.989
2.877,-0.989
2.879,-0.992
2.881,-0.989
2.883,-1.000
2.885,-0.994
2.887,-0.994
2.889,-0.992
2.891,-0.994
2.893,-0.981
2.895,-0.983
2.897,-0.979
2.899,-0.967
2.901,-0.964
2.903,-0.962
2.905,-0.954
2.907,-0.956
2.909,-0.945
2.911,-0.943
2.913,-0.931
2.915,-0.915
2.917,-0.910
2.919,-0.893
2.921,-0.882
2.923,-0.866
2.925,-0.849
2.927,-0.833
2.929,-0.817
2.931,-0.802
2.933,-0.787
2.935,-0.770
2.937,-0.767
2.939,-0.734
2.941,-0.720
2.943,-0.704
2.945,-0.688
2.947,-0.682
2.949,-0.669
2.951,-0.657
2.953,-0.649
2.955,-0.638
2.957,-0.627
2.959,-0.611
2.961,-0.606
2.963,-0.594
2.965,-0.592
2.967,-0.597
2.969,-0.600
2.971,-0.589
2.973,-0.592
2.975,-0.592
2.977,-0.597
2.979,-0.587
2.981,-0.592
2.983,-0.594
2.985,-0.589
2.987,-0.581
2.989,-0.594
2.991,-0.602
2.993,-0.608
2.995,-0.616
2.997,-0.619
2.999,-0.625
3.001,-0.627
3.003,-0.640
3.005,-0.644
3.007,-0.640
3.009,-0.640
3.011,-0.665
3.013,-0.669
3.015,-0.669
3.017,-0.676
3.019,-0.674
3.021,-0.674
3.023,-0.671
3.025,-0.674
3.027,-0.669
3.029,-0.674
3.031,-0.674
3.033,-0.674
3.035,-0.684
3.037,-0.684
3.039,-0.684
3.041,-0.682
3.043,-0.676
3.045,-0.676
3.047,-0.676
3.049,-0.676
3.051,-0.680
3.053,-0.676
3.055,-0.676
3.057,-0.682
3.059,-0.688
3.061,-0.682
3.063,-0.676
3.065,-0.674
3.067,-0.674
3.069,-0.674
3.071,-0.671
3.073,-0.671
3.075,-0.680
3.077,-0.684
3.079,-0.684
3.081,-0.684
3.083,-0.671
3.085,-0.665
3.087,-0.663
3.089,-0.657
3.091,-0.657
3.093,-0.657
3.095,-0.657
3.097,-0.655
3.099,-0.649
3.101,-0.649
3.103,-0.646
3.105,-0.636
3.107,-0.619
3.109,-0.616
3.111,-0.621
3.113,-0.621
3.115,-0.608
3.117,-0.602
3.119,-0.597
3.121,-0.592
3.123,-0.592
3.125,-0.594
3.127,-0.606
3.129,-0.611
3.131,-0.619
3.133,-0.616
3.135,-0.613
3.137,-0.611
3.139,-0.616
3.141,-0.619
3.143,-0.625
3.145,-0.627
3.147,-0.627
3.149,-0.627
3.151,-0.638
3.153,-0.627
3.155,-0.638
3.157,-0.644
3.159,-0.644
3.161,-0.649
3.163,-0.663
3.165,-0.665
3.167,-0.669
3.169,-0.665
3.171,-0.655
3.173,-0.655
3.175,-0.655
3.177,-0.655
3.179,-0.655
3.181,-0.655
3.183,-0.661
3.185,-0.661
3.187,-0.655
3.189,-0.649
3.191,-0.649
3.193,-0.649
3.195,-0.649
3.197,-0.655
3.199,-0.655
3.201,-0.655
3.203,-0.665
3.205,-0.663
3.207,-0.663
3.209,-0.657
3.211,-0.652
3.213,-0.657
3.215,-0.657
3.217,-0.657
3.219,-0.640
3.221,-0.640
3.223,-0.640
3.225,-0.646
3.227,-0.636
3.229,-0.630
3.231,-0.627
3.233,-0.621
3.235,-0.613
3.237,-0.616
3.239,-0.619
3.241,-0.621
3.243,-0.616
3.245,-0.611
3.247,-0.606
3.249,-0.594
3.251,-0.600
3.253,-0.600
3.255,-0.594
3.257,-0.597
3.259,-0.587
3.261,-0.587
3.263,-0.597
3.265,-0.597
3.267,-0.570
3.269,-0.575
3.271,-0.570
3.273,-0.562
3.275,-0.578
3.277,-0.578
3.279,-0.578
3.281,-0.578
3.283,-0.567
3.285,-0.567
3.287,-0.567
3.289,-0.567
3.291,-0.572
3.293,-0.578
3.295,-0.589
3.297,-0.594
3.299,-0.602
3.301,-0.602
3.303,-0.608
3.305,-0.608
3.307,-0.592
3.309,-0.592
3.311,-0.592
3.313,-0.592
3.315,-0.611
3.317,-0.611
3.319,-0.616
3.321,-0.616
3.323,-0.619
3.325,-0.621
3.327,-0.621
3.329,-0.625
3.331,-0.625
3.333,-0.625
3.335,-0.625
3.337,-0.625
3.339,-0.625
3.341,-0.625
3.343,-0.630
3.345,-0.630
3.347,-0.621
3.349,-0.619
3.351,-0.613
3.353,-0.613
3.355,-0.611
3.357,-0.611
3.359,-0.613
3.361,-0.616
3.363,-0.621
3.365,-0.621
3.367,-0.621
3.369,-0.621
3.371,-0.616
3.373,-0.616
3.375,-0.616
3.377,-0.616
3.379,-0.611
3.381,-0.611
3.383,-0.611
3.385,-0.606
3.387,-0.594
3.389,-0.594
3.391,-0.589
3.393,-0.589
3.395,-0.594
3.397,-0.594
3.399,-0.594
3.401,-0.597
3.403,-0.592
3.405,-0.592
3.407,-0.589
3.409,-0.589
3.411,-0.594
3.413,-0.594
3.415,-0.594
3.417,-0.594
3.419,-0.592
3.421,-0.589
3.423,-0.592
3.425,-0.589
3.427,-0.583
3.429,-0.575
3.431,-0.575
3.433,-0.578
3.435,-0.583
3.437,-0.587
3.439,-0.570
3.441,-0.564
3.443,-0.558
3.445,-0.547
3.447,-0.534
3.449,-0.516
3.451,-0.489
3.453,-0.461
3.455,-0.387
3.457,-0.308
3.459,-0.230
3.461,-0.160
3.463,-0.064
3.465,0.025
3.467,0.084
3.469,0.145
3.471,0.185
3.473,0.230
3.475,0.276
3.477,0.337
3.479,0.387
3.481,0.402
3.483,0.408
3.485,0.430
3.487,0.460
3.489,0.460
3.491,0.452
3.493,0.440
3.495,0.440
3.497,0.476
3.499,0.507
3.501,0.534
3.503,0.592
3.505,0.665
3.507,0.693
3.509,0.743
3.511,0.792
3.513,0.830
3.515,0.857
3.517,0.866
3.519,0.876
3.521,0.861
3.523,0.819
3.525,0.794
3.527,0.783
3.529,0.758
3.531,0.715
3.533,0.655
3.535,0.597
3.537,0.548
3.539,0.504
3.541,0.449
3.543,0.387
3.545,0.343
3.547,0.296
3.549,0.238
3.551,0.191
3.553,0.162
3.555,0.145
3.557,0.109
3.559,0.082
3.561,0.038
3.563,-0.006
3.565,-0.083
3.567,-0.146
3.569,-0.217
3.571,-0.285
3.573,-0.346
3.575,-0.360
3.577,-0.392
3.579,-0.434
3.581,-0.480
3.583,-0.513
3.585,-0.539
3.587,-0.556
3.589,-0.558
3.591,-0.572
3.593,-0.570
3.595,-0.570
3.597,-0.575
3.599,-0.581
3.601,-0.581
3.603,-0.597
3.605,-0.597
3.607,-0.597
3.609,-0.597
3.611,-0.597
3.613,-0.602
3.615,-0.602
3.617,-0.606
3.619,-0.597
3.621,-0.597
3.623,-0.600
3.625,-0.608
3.627,-0.613
3.629,-0.616
3.631,-0.616
3.633,-0.608
3.635,-0.613
3.637,-0.613
3.639,-0.613
3.641,-0.613
3.643,-0.608
3.645,-0.608
3.647,-0.613
3.649,-0.613
3.651,-0.625
3.653,-0.625
3.655,-0.625
3.657,-0.625
3.659,-0.619
3.661,-0.619
3.663,-0.619
3.665,-0.619
3.667,-0.625
3.669,-0.625
3.671,-0.625
3.673,-0.625
3.675,-0.636
3.677,-0.638
3.679,-0.638
3.681,-0.638
3.683,-0.633
3.685,-0.630
3.687,-0.630
3.689,-0.633
3.691,-0.633
3.693,-0.633
3.695,-0.640
3.697,-0.640
3.699,-0.633
3.701,-0.633
3.703,-0.633
3.705,-0.636
3.707,-0.636
3.709,-0.636
3.711,-0.646
3.713,-0.646
3.715,-0.640
3.717,-0.646
3.719,-0.657
3.721,-0.657
3.723,-0.671
3.725,-0.671
3.727,-0.674
3.729,-0.674
3.731,-0.690
3.733,-0.690
3.735,-0.696
3.737,-0.701
3.739,-0.707
3.741,-0.707
3.743,-0.712
3.745,-0.720
3.747,-0.715
3.749,-0.715
3.751,-0.715
3.753,-0.720
3.755,-0.737
3.757,-0.739
3.759,-0.743
3.761,-0.751
3.763,-0.753
3.765,-0.756
3.767,-0.758
3.769,-0.758
3.771,-0.773
3.773,-0.775
3.775,-0.781
3.777,-0.783
3.779,-0.789
3.781,-0.787
3.783,-0.781
3.785,-0.773
3.787,-0.762
3.789,-0.770
3.791,-0.781
3.793,-0.781
3.795,-0.778
3.797,-0.783
3.799,-0.787
3.801,-0.792
3.803,-0.787
3.805,-0.789
3.807,-0.792
3.809,-0.794
3.811,-0.792
3.813,-0.792
3.815,-0.794
3.817,-0.792
3.819,-0.800
3.821,-0.792
3.823,-0.789
3.825,-0.783
3.827,-0.787
3.829,-0.773
3.831,-0.775
3.833,-0.770
3.835,-0.767
3.837,-0.762
3.839,-0.756
3.841,-0.745
3.843,-0.743
3.845,-0.731
3.847,-0.729
3.849,-0.718
3.851,-0.707
3.853,-0.701
3.855,-0.684
3.857,-0.674
3.859,-0.669
3.861,-0.657
3.863,-0.646
3.865,-0.636
3.867,-0.633
3.869,-0.616
3.871,-0.600
3.873,-0.597
3.875,-0.575
3.877,-0.567
3.879,-0.556
3.881,-0.545
3.883,-0.545
3.885,-0.531
3.887,-0.521
3.889,-0.513
3.891,-0.502
3.893,-0.497
3.895,-0.485
3.897,-0.485
3.899,-0.485
3.901,-0.483
3.903,-0.489
3.905,-0.491
3.907,-0.504
3.909,-0.504
3.911,-0.502
3.913,-0.504
3.915,-0.510
3.917,-0.521
3.919,-0.528
3.921,-0.528
3.923,-0.531
3.925,-0.545
3.927,-0.553
3.929,-0.558
3.931,-0.547
3.933,-0.553
3.935,-0.562
3.937,-0.567
3.939,-0.575
3.941,-0.578
3.943,-0.575
3.945,-0.575
3.947,-0.578
3.949,-0.575
3.951,-0.570
3.953,-0.572
3.955,-0.564
3.957,-0.564
3.959,-0.562
3.961,-0.564
3.963,-0.570
3.965,-0.575
3.967,-0.575
3.969,-0.575
3.971,-0.575
3.973,-0.575
3.975,-0.575
3.977,-0.572
3.979,-0.572
3.981,-0.572
3.983,-0.572
3.985,-0.572
3.987,-0.581
3.989,-0.578
3.991,-0.578
3.993,-0.583
3.995,-0.578
3.997,-0.578
3.999,-0.578
4.001,-0.581
4.003,-0.592
4.005,-0.592
4.007,-0.589
4.009,-0.589
4.011,-0.592
4.013,-0.597
4.015,-0.597
4.017,-0.597
4.019,-0.594
4.021,-0.594
4.023,-0.597
4.025,-0.597
4.027,-0.594
4.029,-0.597
4.031,-0.600
4.033,-0.600
4.035,-0.594
4.037,-0.600
4.039,-0.602
4.041,-0.597
4.043,-0.608
4.045,-0.606
4.047,-0.611
4.049,-0.611
4.051,-0.602
4.053,-0.602
4.055,-0.602
4.057,-0.602
4.059,-0.597
4.061,-0.594
4.063,-0.600
4.065,-0.600
4.067,-0.606
4.069,-0.606
4.071,-0.606
4.073,-0.606
4.075,-0.600
4.077,-0.602
4.079,-0.608
4.081,-0.611
4.083,-0.606
4.085,-0.606
4.087,-0.616
4.089,-0.606
4.091,-0.606
4.093,-0.606
4.095,-0.600
4.097,-0.600
4.099,-0.606
4.101,-0.606
4.103,-0.606
4.105,-0.600
4.107,-0.606
4.109,-0.606
4.111,-0.606
4.113,-0.606
4.115,-0.616
4.117,-0.616
4.119,-0.621
4.121,-0.621
4.123,-0.630
4.125,-0.621
4.127,-0.619
4.129,-0.616
4.131,-0.606
4.133,-0.611
4.135,-0.611
4.137,-0.611
4.139,-0.611
4.141,-0.608
4.143,-0.608
4.145,-0.602
4.147,-0.602
4.149,-0.608
4.151,-0.608
4.153,-0.608
4.155,-0.608
4.157,-0.608
4.159,-0.608
4.161,-0.613
4.163,-0.608
4.165,-0.602
4.167,-0.606
4.169,-0.606
4.171,-0.600
4.173,-0.606
4.175,-0.606
4.177,-0.606
4.179,-0.606
4.181,-0.600
4.183,-0.600
4.185,-0.600
4.187,-0.600
4.189,-0.597
4.191,-0.600
4.193,-0.600
4.195,-0.602
4.197,-0.613
4.199,-0.613
4.201,-0.613
4.203,-0.613
4.205,-0.619
4.207,-0.619
4.209,-0.621
4.211,-0.621
4.213,-0.621
4.215,-0.616
4.217,-0.611
4.219,-0.606
4.221,-0.608
4.223,-0.613
4.225,-0.619
4.227,-0.625
4.229,-0.625
4.231,-0.625
4.233,-0.619
4.235,-0.619
4.237,-0.625
4.239,-0.630
4.241,-0.633
4.243,-0.636
4.245,-0.640
4.247,-0.640
4.249,-0.638
4.251,-0.638
4.253,-0.640
4.255,-0.644
4.257,-0.644
4.259,-0.644
4.261,-0.644
4.263,-0.644
4.265,-0.644
4.267,-0.644
4.269,-0.644
4.271,-0.644
4.273,-0.649
4.275,-0.649
4.277,-0.649
4.279,-0.644
4.281,-0.644
4.283,-0.644
4.285,-0.627
4.287,-0.627
4.289,-0.633
4.291,-0.633
4.293,-0.621
4.295,-0.625
4.297,-0.625
4.299,-0.625
4.301,-0.608
4.303,-0.606
4.305,-0.602
4.307,-0.600
4.309,-0.597
4.311,-0.594
4.313,-0.592
4.315,-0.589
4.317,-0.600
4.319,-0.600
4.321,-0.600
4.323,-0.592
4.325,-0.597
4.327,-0.600
4.329,-0.600
4.331,-0.602
4.333,-0.587
4.335,-0.587
4.337,-0.581
4.339,-0.575
4.341,-0.572
4.343,-0.543
4.345,-0.526
4.347,-0.504
4.349,-0.453
4.351,-0.396
4.353,-0.335
4.355,-0.270
4.357,-0.196
4.359,-0.097
4.361,-0.009
4.363,0.046
4.365,0.076
4.367,0.109
4.369,0.156
4.371,0.216
4.373,0.265
4.375,0.299
4.377,0.320
4.379,0.343
4.381,0.362
4.383,0.367
4.385,0.358
4.387,0.347
4.389,0.370
4.391,0.378
4.393,0.402
4.395,0.425
4.397,0.476
4.399,0.528
4.401,0.583
4.403,0.621
4.405,0.627
4.407,0.688
4.409,0.737
4.411,0.762
4.413,0.779
4.415,0.794
4.417,0.787
4.419,0.762
4.421,0.729
4.423,0.704
4.425,0.682
4.427,0.644
4.429,0.592
4.431,0.553
4.433,0.526
4.435,0.476
4.437,0.425
4.439,0.370
4.441,0.328
4.443,0.282
4.445,0.225
4.447,0.183
4.449,0.151
4.451,0.142
4.453,0.120
4.455,0.088
4.457,0.027
4.459,-0.017
4.461,-0.069
4.463,-0.140
4.465,-0.215
4.467,-0.280
4.469,-0.338
4.471,-0.387
4.473,-0.422
4.475,-0.453
4.477,-0.491
4.479,-0.524
4.481,-0.551
4.483,-0.570
4.485,-0.583
4.487,-0.592
4.489,-0.602
4.491,-0.608
4.493,-0.613
4.495,-0.613
4.497,-0.636
4.499,-0.636
4.501,-0.636
4.503,-0.636
4.505,-0.630
4.507,-0.636
4.509,-0.636
4.511,-0.638
4.513,-0.652
4.515,-0.652
4.517,-0.655
4.519,-0.663
4.521,-0.674
4.523,-0.682
4.525,-0.688
4.527,-0.684
4.529,-0.696
4.531,-0.696
4.533,-0.696
4.535,-0.696
4.537,-0.712
4.539,-0.712
4.541,-0.718
4.543,-0.718
4.545,-0.724
4.547,-0.724
4.549,-0.724
4.551,-0.724
4.553,-0.729
4.555,-0.729
4.557,-0.729
4.559,-0.729
4.561,-0.724
4.563,-0.724
4.565,-0.724
4.567,-0.724
4.569,-0.729
4.571,-0.731
4.573,-0.731
4.575,-0.731
4.577,-0.729
4.579,-0.729
4.581,-0.731
4.583,-0.737
4.585,-0.731
4.587,-0.731
4.589,-0.739
4.591,-0.739
4.593,-0.726
4.595,-0.726
4.597,-0.726
4.599,-0.729
4.601,-0.724
4.603,-0.724
4.605,-0.734
4.607,-0.734
4.609,-0.734
4.611,-0.734
4.613,-0.739
4.615,-0.734
4.617,-0.734
4.619,-0.731
4.621,-0.731
4.623,-0.729
4.625,-0.734
4.627,-0.734
4.629,-0.739
4.631,-0.745
4.633,-0.762
4.635,-0.762
4.637,-0.767
4.639,-0.775
4.641,-0.764
4.643,-0.764
4.645,-0.764
4.647,-0.770
4.649,-0.764
4.651,-0.767
4.653,-0.770
4.655,-0.778
4.657,-0.783
4.659,-0.789
4.661,-0.794
4.663,-0.798
4.665,-0.802
4.667,-0.808
4.669,-0.817
4.671,-0.821
4.673,-0.842
4.675,-0.852
4.677,-0.861
4.679,-0.866
4.681,-0.871
4.683,-0.880
4.685,-0.890
4.687,-0.890
4.689,-0.904
4.691,-0.910
4.693,-0.912
4.695,-0.918
4.697,-0.929
4.699,-0.931
4.701,-0.935
4.703,-0.937
4.705,-0.939
4.707,-0.939
4.709,-0.943
4.711,-0.939
4.713,-0.948
4.715,-0.939
4.717,-0.937
4.719,-0.931
4.721,-0.939
4.723,-0.926
4.725,-0.929
4.727,-0.924
4.729,-0.920
4.731,-0.915
4.733,-0.910
4.735,-0.899
4.737,-0.890
4.739,-0.880
4.741,-0.876
4.743,-0.866
4.745,-0.861
4.747,-0.849
4.749,-0.827
4.751,-0.811
4.753,-0.800
4.755,-0.789
4.757,-0.778
4.759,-0.767
4.761,-0.764
4.763,-0.748
4.765,-0.731
4.767,-0.729
4.769,-0.704
4.771,-0.693
4.773,-0.680
4.775,-0.665
4.777,-0.657
4.779,-0.640
4.781,-0.627
4.783,-0.616
4.785,-0.613
4.787,-0.606
4.789,-0.592
4.791,-0.589
4.793,-0.572
4.795,-0.564
4.797,-0.564
4.799,-0.562
4.801,-0.564
4.803,-0.564
4.805,-0.562
4.807,-0.564
4.809,-0.553
4.811,-0.564
4.813,-0.572
4.815,-0.572
4.817,-0.570
4.819,-0.578
4.821,-0.581
4.823,-0.581
4.825,-0.567
4.827,-0.570
4.829,-0.575
4.831,-0.578
4.833,-0.575
4.835,-0.578
4.837,-0.575
4.839,-0.575
4.841,-0.581
4.843,-0.581
4.845,-0.578
4.847,-0.583
4.849,-0.597
4.851,-0.597
4.853,-0.594
4.855,-0.597
4.857,-0.616
4.859,-0.630
4.861,-0.638
4.863,-0.646
4.865,-0.669
4.867,-0.669
4.869,-0.669
4.871,-0.665
4.873,-0.671
4.875,-0.671
4.877,-0.671
4.879,-0.671
4.881,-0.674
4.883,-0.671
4.885,-0.671
4.887,-0.676
4.889,-0.682
4.891,-0.682
4.893,-0.682
4.895,-0.684
4.897,-0.684
4.899,-0.684
4.901,-0.682
4.903,-0.682
4.905,-0.684
4.907,-0.690
4.909,-0.690
4.911,-0.690
4.913,-0.676
4.915,-0.676
4.917,-0.680
4.919,-0.680
4.921,-0.674
4.923,-0.674
4.925,-0.674
4.927,-0.671
4.929,-0.671
4.931,-0.676
4.933,-0.680
4.935,-0.674
4.937,-0.669
4.939,-0.665
4.941,-0.671
4.943,-0.671
4.945,-0.674
4.947,-0.674
4.949,-0.674
4.951,-0.674
4.953,-0.663
4.955,-0.661
4.957,-0.665
4.959,-0.665
4.961,-0.674
4.963,-0.671
4.965,-0.669
4.967,-0.665
4.969,-0.663
4.971,-0.663
4.973,-0.665
4.975,-0.665
4.977,-0.663
4.979,-0.655
4.981,-0.657
4.983,-0.638
4.985,-0.638
4.987,-0.638
4.989,-0.633
4.991,-0.633
4.993,-0.627
4.995,-0.627
4.997,-0.627
4.999,-0.621
5.001,-0.606
5.003,-0.606
5.005,-0.606
5.007,-0.606
5.009,-0.606
5.011,-0.600
5.013,-0.600
5.015,-0.594
5.017,-0.587
5.019,-0.583
5.021,-0.587
5.023,-0.589
5.025,-0.611
5.027,-0.621
5.029,-0.627
5.031,-0.633
5.033,-0.644
5.035,-0.640
5.037,-0.640
5.039,-0.636
5.041,-0.652
5.043,-0.657
5.045,-0.657
5.047,-0.657
5.049,-0.674
5.051,-0.674
5.053,-0.674
5.055,-0.680
5.057,-0.682
5.059,-0.680
5.061,-0.680
5.063,-0.676
5.065,-0.676
5.067,-0.676
5.069,-0.676
5.071,-0.676
5.073,-0.682
5.075,-0.682
5.077,-0.682
5.079,-0.676
5.081,-0.671
5.083,-0.671
5.085,-0.665
5.087,-0.669
5.089,-0.674
5.091,-0.674
5.093,-0.684
5.095,-0.684
5.097,-0.684
5.099,-0.684
5.101,-0.680
5.103,-0.671
5.105,-0.682
5.107,-0.682
5.109,-0.682
5.111,-0.682
5.113,-0.676
5.115,-0.676
5.117,-0.676
5.119,-0.676
5.121,-0.665
5.123,-0.665
5.125,-0.665
5.127,-0.665
5.129,-0.661
5.131,-0.661
5.133,-0.661
5.135,-0.661
5.137,-0.661
5.139,-0.661
5.141,-0.661
5.143,-0.661
5.145,-0.661
5.147,-0.661
5.149,-0.661
5.151,-0.661
5.153,-0.649
5.155,-0.649
5.157,-0.649
5.159,-0.649
5.161,-0.644
5.163,-0.638
5.165,-0.633
5.167,-0.627
5.169,-0.627
5.171,-0.621
5.173,-0.616
5.175,-0.611
5.177,-0.616
5.179,-0.616
5.181,-0.616
5.183,-0.616
5.185,-0.627
5.187,-0.633
5.189,-0.638
5.191,-0.644
5.193,-0.649
5.195,-0.649
5.197,-0.649
5.199,-0.649
5.201,-0.649
5.203,-0.649
5.205,-0.649
5.207,-0.649
5.209,-0.661
5.211,-0.661
5.213,-0.661
5.215,-0.661
5.217,-0.676
5.219,-0.676
5.221,-0.676
5.223,-0.676
5.225,-0.676
5.227,-0.676
5.229,-0.676
5.231,-0.676
5.233,-0.671
5.235,-0.671
5.237,-0.671
5.239,-0.671
5.241,-0.661
5.243,-0.661
5.245,-0.661
5.247,-0.661
5.249,-0.671
5.251,-0.671
5.253,-0.671
5.255,-0.671
5.257,-0.671
5.259,-0.671
5.261,-0.671
5.263,-0.671
5.265,-0.671
5.267,-0.671
5.269,-0.671
5.271,-0.671
5.273,-0.671
5.275,-0.671
5.277,-0.671
5.279,-0.671
5.281,-0.671
5.283,-0.671
5.285,-0.671
5.287,-0.671
5.289,-0.665
5.291,-0.665
5.293,-0.665
5.295,-0.665
5.297,-0.661
5.299,-0.661
5.301,-0.661
5.303,-0.661
5.305,-0.644
5.307,-0.644
5.309,-0.644
5.311,-0.644
5.313,-0.633
5.315,-0.633
5.317,-0.633
5.319,-0.633
5.321,-0.621
5.323,-0.621
5.325,-0.621
5.327,-0.621
5.329,-0.638
5.331,-0.638
5.333,-0.638
5.335,-0.638
5.337,-0.644
5.339,-0.644
5.341,-0.644
5.343,-0.644
5.345,-0.661
5.347,-0.661
5.349,-0.661
5.351,-0.661
5.353,-0.665
5.355,-0.665
5.357,-0.665
5.359,-0.665
5.361,-0.661
5.363,-0.661
5.365,-0.661
5.367,-0.661
5.369,-0.671
5.371,-0.671
5.373,-0.671
5.375,-0.671
5.377,-0.665
5.379,-0.665
5.381,-0.665
5.383,-0.665
5.385,-0.665
5.387,-0.665
5.389,-0.665
5.391,-0.665
5.393,-0.665
5.395,-0.665
5.397,-0.665
5.399,-0.665
5.401,-0.676
5.403,-0.676
5.405,-0.676
5.407,-0.676
5.409,-0.682
5.411,-0.682
5.413,-0.682
5.415,-0.682
5.417,-0.682
5.419,-0.682
5.421,-0.682
5.423,-0.682
5.425,-0.688
5.427,-0.688
5.429,-0.688
5.431,-0.688
5.433,-0.699
5.435,-0.699
5.437,-0.699
5.439,-0.699
5.441,-0.693
5.443,-0.693
5.445,-0.693
5.447,-0.693
5.449,-0.693
5.451,-0.688
5.453,-0.682
5.455,-0.676
5.457,-0.671
5.459,-0.671
5.461,-0.671
5.463,-0.671
5.465,-0.671
5.467,-0.671
5.469,-0.671
5.471,-0.671
5.473,-0.682
5.475,-0.682
5.477,-0.682
5.479,-0.682
5.481,-0.699
5.483,-0.699
5.485,-0.699
5.487,-0.699
5.489,-0.699
5.491,-0.699
5.493,-0.699
5.495,-0.699
5.497,-0.693
5.499,-0.693
5.501,-0.693
5.503,-0.693
5.505,-0.676
5.507,-0.676
5.509,-0.676
5.511,-0.682
5.513,-0.665
5.515,-0.657
5.517,-0.652
5.519,-0.652
5.521,-0.644
5.523,-0.640
5.525,-0.638
5.527,-0.636
5.529,-0.619
5.531,-0.621
5.533,-0.621
5.535,-0.627
5.537,-0.621
5.539,-0.616
5.541,-0.611
5.543,-0.602
5.545,-0.613
5.547,-0.613
5.549,-0.613
5.551,-0.613
5.553,-0.619
5.555,-0.613
5.557,-0.613
5.559,-0.619
5.561,-0.630
5.563,-0.627
5.565,-0.625
5.567,-0.619
5.569,-0.619
5.571,-0.616
5.573,-0.616
5.575,-0.619
5.577,-0.621
5.579,-0.621
5.581,-0.621
5.583,-0.621
5.585,-0.627
5.587,-0.627
5.589,-0.627
5.591,-0.627
5.593,-0.611
5.595,-0.616
5.597,-0.616
5.599,-0.616
5.601,-0.600
5.603,-0.600
5.605,-0.600
5.607,-0.594
5.609,-0.606
5.611,-0.611
5.613,-0.611
5.615,-0.611
5.617,-0.619
5.619,-0.619
5.621,-0.619
5.623,-0.616
5.625,-0.621
5.627,-0.621
5.629,-0.621
5.631,-0.621
5.633,-0.613
5.635,-0.616
5.637,-0.619
5.639,-0.627
5.641,-0.616
5.643,-0.616
5.645,-0.608
5.647,-0.608
5.649,-0.600
5.651,-0.606
5.653,-0.602
5.655,-0.608
5.657,-0.608
5.659,-0.602
5.661,-0.587
5.663,-0.572
5.665,-0.543
5.667,-0.521
5.669,-0.500
5.671,-0.475
5.673,-0.445
5.675,-0.396
5.677,-0.335
5.679,-0.266
5.681,-0.184
5.683,-0.085
5.685,0.008
5.687,0.082
5.689,0.098
5.691,0.134
5.693,0.172
5.695,0.233
5.697,0.293
5.699,0.331
5.701,0.381
5.703,0.421
5.705,0.460
5.707,0.457
5.709,0.440
5.711,0.425
5.713,0.455
5.715,0.490
5.717,0.524
5.719,0.564
5.721,0.638
5.723,0.715
5.725,0.764
5.727,0.792
5.729,0.813
5.731,0.863
5.733,0.920
5.735,0.960
5.737,0.975
5.739,0.979
5.741,0.975
5.743,0.948
5.745,0.907
5.747,0.885
5.749,0.869
5.751,0.844
5.753,0.806
5.755,0.783
5.757,0.739
5.759,0.676
5.761,0.621
5.763,0.597
5.765,0.545
5.767,0.476
5.769,0.425
5.771,0.381
5.773,0.356
5.775,0.328
5.777,0.307
5.779,0.274
5.781,0.230
5.783,0.172
5.785,0.112
5.787,0.038
5.789,-0.039
5.791,-0.112
5.793,-0.190
5.795,-0.253
5.797,-0.299
5.799,-0.343
5.801,-0.382
5.803,-0.403
5.805,-0.434
5.807,-0.470
5.809,-0.478
5.811,-0.478
5.813,-0.483
5.815,-0.489
5.817,-0.489
5.819,-0.510
5.821,-0.510
5.823,-0.510
5.825,-0.510
5.827,-0.521
5.829,-0.526
5.831,-0.526
5.833,-0.528
5.835,-0.537
5.837,-0.537
5.839,-0.539
5.841,-0.547
5.843,-0.537
5.845,-0.545
5.847,-0.551
5.849,-0.547
5.851,-0.537
5.853,-0.537
5.855,-0.537
5.857,-0.537
5.859,-0.543
5.861,-0.543
5.863,-0.547
5.865,-0.547
5.867,-0.543
5.869,-0.543
5.871,-0.543
5.873,-0.543
5.875,-0.539
5.877,-0.543
5.879,-0.545
5.881,-0.547
5.883,-0.547
5.885,-0.553
5.887,-0.558
5.889,-0.564
5.891,-0.547
5.893,-0.551
5.895,-0.551
5.897,-0.551
5.899,-0.545
5.901,-0.543
5.903,-0.543
5.905,-0.545
5.907,-0.539
5.909,-0.539
5.911,-0.547
5.913,-0.547
5.915,-0.545
5.917,-0.545
5.919,-0.545
5.921,-0.547
5.923,-0.537
5.925,-0.537
5.927,-0.547
5.929,-0.547
5.931,-0.531
5.933,-0.531
5.935,-0.537
5.937,-0.531
5.939,-0.524
5.941,-0.524
5.943,-0.526
5.945,-0.526
5.947,-0.524
5.949,-0.526
5.951,-0.534
5.953,-0.543
5.955,-0.551
5.957,-0.547
5.959,-0.551
5.961,-0.556
5.963,-0.567
5.965,-0.567
5.967,-0.567
5.969,-0.572
5.971,-0.583
5.973,-0.587
5.975,-0.589
5.977,-0.597
5.979,-0.592
5.981,-0.597
5.983,-0.602
5.985,-0.606
5.987,-0.600
5.989,-0.606
5.991,-0.613
5.993,-0.619
5.995,-0.633
5.997,-0.633
5.999,-0.630
6.001,-0.625
6.003,-0.608
6.005,-0.616
6.007,-0.627
6.009,-0.627
6.011,-0.630
6.013,-0.640
6.015,-0.649
6.017,-0.661
6.019,-0.655
6.021,-0.657
6.023,-0.661
6.025,-0.663
6.027,-0.657
6.029,-0.655
6.031,-0.655
6.033,-0.649
6.035,-0.646
6.037,-0.644
6.039,-0.646
6.041,-0.646
6.043,-0.649
6.045,-0.636
6.047,-0.638
6.049,-0.633
6.051,-0.636
6.053,-0.630
6.055,-0.625
6.057,-0.613
6.059,-0.592
6.061,-0.578
6.063,-0.572
6.065,-0.558
6.067,-0.553
6.069,-0.547
6.071,-0.531
6.073,-0.521
6.075,-0.510
6.077,-0.500
6.079,-0.489
6.081,-0.478
6.083,-0.485
6.085,-0.470
6.087,-0.453
6.089,-0.451
6.091,-0.420
6.093,-0.415
6.095,-0.407
6.097,-0.398
6.099,-0.384
6.101,-0.363
6.103,-0.343
6.105,-0.327
6.107,-0.308
6.109,-0.299
6.111,-0.285
6.113,-0.283
6.115,-0.266
6.117,-0.253
6.119,-0.247
6.121,-0.239
6.123,-0.236
6.125,-0.230
6.127,-0.222
6.129,-0.220
6.131,-0.220
6.133,-0.226
6.135,-0.228
6.137,-0.222
6.139,-0.220
6.141,-0.228
6.143,-0.230
6.145,-0.230
6.147,-0.236
6.149,-0.236
6.151,-0.239
6.153,-0.239
6.155,-0.247
6.157,-0.249
6.159,-0.247
6.161,-0.247
6.163,-0.266
6.165,-0.270
6.167,-0.270
6.169,-0.278
6.171,-0.274
6.173,-0.280
6.175,-0.283
6.177,-0.291
6.179,-0.308
6.181,-0.313
6.183,-0.313
6.185,-0.313
6.187,-0.318
6.189,-0.324
6.191,-0.329
6.193,-0.333
6.195,-0.348
6.197,-0.348
6.199,-0.348
6.201,-0.348
6.203,-0.346
6.205,-0.348
6.207,-0.354
6.209,-0.365
6.211,-0.382
6.213,-0.382
6.215,-0.382
6.217,-0.384
6.219,-0.384
6.221,-0.384
6.223,-0.382
6.225,-0.382
6.227,-0.384
6.229,-0.396
6.231,-0.401
6.233,-0.407
6.235,-0.409
6.237,-0.409
6.239,-0.411
6.241,-0.411
6.243,-0.407
6.245,-0.401
6.247,-0.396
6.249,-0.387
6.251,-0.382
6.253,-0.382
6.255,-0.379
6.257,-0.367
6.259,-0.360
6.261,-0.360
6.263,-0.367
6.265,-0.371
6.267,-0.373
6.269,-0.373
6.271,-0.373
6.273,-0.373
6.275,-0.373
6.277,-0.376
6.279,-0.387
6.281,-0.392
6.283,-0.403
6.285,-0.403
6.287,-0.403
6.289,-0.403
6.291,-0.403
6.293,-0.407
6.295,-0.411
6.297,-0.415
6.299,-0.415
6.301,-0.415
6.303,-0.426
6.305,-0.415
6.307,-0.420
6.309,-0.426
6.311,-0.426
6.313,-0.431
6.315,-0.426
6.317,-0.426
6.319,-0.426
6.321,-0.420
6.323,-0.436
6.325,-0.442
6.327,-0.447
6.329,-0.453
6.331,-0.470
6.333,-0.475
6.335,-0.485
6.337,-0.491
6.339,-0.491
6.341,-0.491
6.343,-0.497
6.345,-0.502
6.347,-0.519
6.349,-0.524
6.351,-0.524
6.353,-0.524
6.355,-0.534
6.357,-0.531
6.359,-0.531
6.361,-0.526
6.363,-0.537
6.365,-0.543
6.367,-0.543
6.369,-0.543
6.371,-0.553
6.373,-0.553
6.375,-0.553
6.377,-0.558
6.379,-0.570
6.381,-0.570
6.383,-0.572
6.385,-0.572
6.387,-0.578
6.389,-0.583
6.391,-0.589
6.393,-0.594
6.395,-0.611
6.397,-0.611
6.399,-0.611
6.401,-0.606
6.403,-0.594
6.405,-0.594
6.407,-0.589
6.409,-0.592
6.411,-0.589
6.413,-0.587
6.415,-0.594
6.417,-0.592
6.419,-0.581
6.421,-0.581
6.423,-0.575
6.425,-0.567
6.427,-0.562
6.429,-0.562
6.431,-0.562
6.433,-0.562
6.435,-0.551
6.437,-0.551
6.439,-0.551
6.441,-0.551
6.443,-0.562
6.445,-0.562
6.447,-0.562
6.449,-0.562
6.451,-0.570
6.453,-0.567
6.455,-0.564
6.457,-0.562
6.459,-0.551
6.461,-0.551
6.463,-0.551
6.465,-0.551
6.467,-0.562
6.469,-0.562
6.471,-0.562
6.473,-0.562
6.475,-0.567
6.477,-0.567
6.479,-0.567
6.481,-0.567
6.483,-0.572
6.485,-0.572
6.487,-0.572
6.489,-0.572
6.491,-0.583
6.493,-0.583
6.495,-0.583
6.497,-0.583
6.499,-0.589
6.501,-0.589
6.503,-0.589
6.505,-0.589
6.507,-0.589
6.509,-0.583
6.511,-0.578
6.513,-0.572
6.515,-0.583
6.517,-0.583
6.519,-0.583
6.521,-0.583
6.523,-0.589
6.525,-0.589
6.527,-0.589
6.529,-0.589
6.531,-0.594
6.533,-0.594
6.535,-0.594
6.537,-0.594
6.539,-0.600
6.541,-0.600
6.543,-0.600
6.545,-0.600
6.547,-0.616
6.549,-0.616
6.551,-0.616
6.553,-0.616
6.555,-0.616
6.557,-0.616
6.559,-0.616
6.561,-0.616
6.563,-0.621
6.565,-0.621
6.567,-0.621
6.569,-0.621
6.571,-0.627
6.573,-0.627
6.575,-0.627
6.577,-0.627
6.579,-0.611
6.581,-0.611
6.583,-0.611
6.585,-0.611
6.587,-0.606
6.589,-0.606
6.591,-0.606
6.593,-0.606
6.595,-0.606
6.597,-0.606
6.599,-0.606
6.601,-0.606
6.603,-0.606
6.605,-0.606
6.607,-0.606
6.609,-0.606
6.611,-0.613
6.613,-0.611
6.615,-0.608
6.617,-0.606
6.619,-0.600
6.621,-0.600
6.623,-0.600
6.625,-0.600
6.627,-0.594
6.629,-0.594
6.631,-0.594
6.633,-0.594
6.635,-0.600
6.637,-0.600
6.639,-0.600
6.641,-0.600
6.643,-0.589
6.645,-0.589
6.647,-0.589
6.649,-0.589
6.651,-0.594
6.653,-0.600
6.655,-0.606
6.657,-0.611
6.659,-0.616
6.661,-0.616
6.663,-0.616
6.665,-0.616
6.667,-0.621
6.669,-0.621
6.671,-0.621
6.673,-0.621
6.675,-0.633
6.677,-0.633
6.679,-0.633
6.681,-0.633
6.683,-0.638
6.685,-0.638
6.687,-0.638
6.689,-0.638
6.691,-0.627
6.693,-0.627
6.695,-0.627
6.697,-0.627
6.699,-0.633
6.701,-0.633
6.703,-0.633
6.705,-0.633
6.707,-0.627
6.709,-0.627
6.711,-0.627
6.713,-0.627
6.715,-0.633
6.717,-0.633
6.719,-0.633
6.721,-0.633
6.723,-0.638
6.725,-0.638
6.727,-0.638
6.729,-0.638
6.731,-0.621
6.733,-0.621
6.735,-0.621
6.737,-0.621
6.739,-0.633
6.741,-0.633
6.743,-0.633
6.745,-0.633
6.747,-0.616
6.749,-0.616
6.751,-0.616
6.753,-0.616
6.755,-0.621
6.757,-0.621
6.759,-0.621
6.761,-0.621
6.763,-0.621
6.765,-0.621
6.767,-0.621
6.769,-0.621
6.771,-0.627
6.773,-0.627
6.775,-0.627
6.777,-0.627
6.779,-0.633
6.781,-0.633
6.783,-0.633
6.785,-0.633
6.787,-0.633
6.789,-0.633
6.791,-0.633
6.793,-0.633
6.795,-0.633
6.797,-0.638
6.799,-0.644
6.801,-0.649
6.803,-0.644
6.805,-0.644
6.807,-0.644
6.809,-0.644
6.811,-0.655
6.813,-0.655
6.815,-0.655
6.817,-0.655
6.819,-0.652
6.821,-0.649
6.823,-0.646
6.825,-0.644
6.827,-0.638
6.829,-0.638
6.831,-0.638
6.833,-0.638
6.835,-0.621
6.837,-0.621
6.839,-0.621
6.841,-0.621
6.843,-0.638
6.845,-0.638
6.847,-0.638
6.849,-0.638
6.851,-0.630
6.853,-0.633
6.855,-0.636
6.857,-0.638
6.859,-0.627
6.861,-0.627
6.863,-0.627
6.865,-0.627
6.867,-0.633
6.869,-0.633
6.871,-0.638
6.873,-0.638
6.875,-0.630
6.877,-0.630
6.879,-0.636
6.881,-0.636
6.883,-0.627
6.885,-0.630
6.887,-0.633
6.889,-0.636
6.891,-0.627
6.893,-0.627
6.895,-0.633
6.897,-0.633
6.899,-0.644
6.901,-0.644
6.903,-0.640
6.905,-0.640
6.907,-0.657
6.909,-0.657
6.911,-0.657
6.913,-0.657
6.915,-0.646
6.917,-0.646
6.919,-0.652
6.921,-0.652
6.923,-0.644
6.925,-0.640
6.927,-0.636
6.929,-0.636
6.931,-0.640
6.933,-0.638
6.935,-0.638
6.937,-0.638
6.939,-0.640
6.941,-0.638
6.943,-0.636
6.945,-0.633
6.947,-0.638
6.949,-0.638
6.951,-0.638
6.953,-0.638
6.955,-0.649
6.957,-0.649
6.959,-0.649
6.961,-0.644
6.963,-0.644
6.965,-0.644
6.967,-0.638
6.969,-0.638
6.971,-0.627
6.973,-0.627
6.975,-0.627
6.977,-0.630
6.979,-0.630
6.981,-0.630
6.983,-0.627
6.985,-0.627
6.987,-0.627
6.989,-0.627
6.991,-0.627
6.993,-0.627
6.995,-0.621
6.997,-0.621
6.999,-0.627
7.001,-0.627
7.003,-0.616
7.005,-0.608
7.007,-0.608
7.009,-0.611
7.011,-0.578
7.013,-0.581
7.015,-0.575
7.017,-0.564
7.019,-0.547
7.021,-0.537
7.023,-0.524
7.025,-0.500
7.027,-0.483
7.029,-0.439
7.031,-0.387
7.033,-0.324
7.035,-0.253
7.037,-0.165
7.039,-0.047
7.041,0.035
7.043,0.073
7.045,0.112
7.047,0.153
7.049,0.197
7.051,0.249
7.053,0.299
7.055,0.331
7.057,0.358
7.059,0.381
7.061,0.402
7.063,0.400
7.065,0.383
7.067,0.387
7.069,0.381
7.071,0.408
7.073,0.421
7.075,0.469
7.077,0.501
7.079,0.564
7.081,0.617
7.083,0.649
7.085,0.693
7.087,0.737
7.089,0.770
7.091,0.781
7.093,0.800
7.095,0.794
7.097,0.789
7.099,0.754
7.101,0.718
7.103,0.690
7.105,0.661
7.107,0.606
7.109,0.556
7.111,0.515
7.113,0.460
7.115,0.416
7.117,0.356
7.119,0.303
7.121,0.249
7.123,0.197
7.125,0.151
7.127,0.103
7.129,0.090
7.131,0.079
7.133,0.060
7.135,0.038
7.137,-0.006
7.139,-0.055
7.141,-0.121
7.143,-0.196
7.145,-0.255
7.147,-0.313
7.149,-0.352
7.151,-0.387
7.153,-0.431
7.155,-0.472
7.157,-0.502
7.159,-0.524
7.161,-0.534
7.163,-0.534
7.165,-0.543
7.167,-0.551
7.169,-0.558
7.171,-0.562
7.173,-0.570
7.175,-0.578
7.177,-0.581
7.179,-0.597
7.181,-0.597
7.183,-0.597
7.185,-0.597
7.187,-0.592
7.189,-0.597
7.191,-0.597
7.193,-0.600
7.195,-0.602
7.197,-0.602
7.199,-0.606
7.201,-0.613
7.203,-0.602
7.205,-0.611
7.207,-0.616
7.209,-0.613
7.211,-0.619
7.213,-0.625
7.215,-0.630
7.217,-0.636
7.219,-0.646
7.221,-0.646
7.223,-0.652
7.225,-0.652
7.227,-0.669
7.229,-0.669
7.231,-0.669
7.233,-0.669
7.235,-0.674
7.237,-0.674
7.239,-0.674
7.241,-0.674
7.243,-0.680
7.245,-0.680
7.247,-0.680
7.249,-0.680
7.251,-0.674
7.253,-0.676
7.255,-0.676
7.257,-0.676
7.259,-0.671
7.261,-0.669
7.263,-0.669
7.265,-0.671
7.267,-0.665
7.269,-0.665
7.271,-0.674
7.273,-0.674
7.275,-0.671
7.277,-0.665
7.279,-0.661
7.281,-0.657
7.283,-0.657
7.285,-0.657
7.287,-0.669
7.289,-0.669
7.291,-0.657
7.293,-0.657
7.295,-0.663
7.297,-0.657
7.299,-0.661
7.301,-0.661
7.303,-0.663
7.305,-0.663
7.307,-0.646
7.309,-0.646
7.311,-0.652
7.313,-0.657
7.315,-0.657
7.317,-0.657
7.319,-0.663
7.321,-0.671
7.323,-0.676
7.325,-0.676
7.327,-0.676
7.329,-0.682
7.331,-0.693
7.333,-0.696
7.335,-0.699
7.337,-0.707
7.339,-0.724
7.341,-0.729
7.343,-0.734
7.345,-0.737
7.347,-0.753
7.349,-0.758
7.351,-0.767
7.353,-0.773
7.355,-0.781
7.357,-0.787
7.359,-0.789
7.361,-0.789
7.363,-0.806
7.365,-0.813
7.367,-0.825
7.369,-0.825
7.371,-0.821
7.373,-0.827
7.375,-0.830
7.377,-0.836
7.379,-0.830
7.381,-0.833
7.383,-0.836
7.385,-0.838
7.387,-0.846
7.389,-0.846
7.391,-0.849
7.393,-0.846
7.395,-0.849
7.397,-0.842
7.399,-0.838
7.401,-0.833
7.403,-0.846
7.405,-0.833
7.407,-0.836
7.409,-0.830
7.411,-0.821
7.413,-0.817
7.415,-0.811
7.417,-0.800
7.419,-0.775
7.421,-0.764
7.423,-0.762
7.425,-0.751
7.427,-0.739
7.429,-0.734
7.431,-0.718
7.433,-0.707
7.435,-0.701
7.437,-0.690
7.439,-0.680
7.441,-0.669
7.443,-0.644
7.445,-0.627
7.447,-0.611
7.449,-0.608
7.451,-0.592
7.453,-0.583
7.455,-0.572
7.457,-0.562
7.459,-0.556
7.461,-0.537
7.463,-0.521
7.465,-0.508
7.467,-0.508
7.469,-0.497
7.471,-0.480
7.473,-0.475
7.475,-0.458
7.477,-0.451
7.479,-0.451
7.481,-0.447
7.483,-0.434
7.485,-0.434
7.487,-0.431
7.489,-0.434
7.491,-0.428
7.493,-0.439
7.495,-0.447
7.497,-0.447
7.499,-0.451
7.502,-0.453
7.504,-0.451
7.506,-0.445
7.508,-0.442
7.510,-0.451
7.512,-0.461
7.514,-0.470
7.516,-0.489
7.518,-0.497
7.520,-0.500
7.522,-0.504
7.524,-0.524
7.526,-0.526
7.528,-0.526
7.530,-0.534
7.532,-0.547
7.534,-0.553
7.536,-0.556
7.538,-0.564
7.540,-0.581
7.542,-0.587
7.544,-0.587
7.546,-0.587
7.548,-0.597
7.550,-0.597
7.552,-0.597
7.554,-0.594
7.556,-0.611
7.558,-0.611
7.560,-0.611
7.562,-0.611
7.564,-0.613
7.566,-0.611
7.568,-0.611
7.570,-0.616
7.572,-0.611
7.574,-0.611
7.576,-0.611
7.578,-0.613
7.580,-0.619
7.582,-0.619
7.584,-0.616
7.586,-0.616
7.588,-0.627
7.590,-0.630
7.592,-0.627
7.594,-0.625
7.596,-0.625
7.598,-0.621
7.600,-0.621
7.602,-0.619
7.604,-0.613
7.606,-0.613
7.608,-0.613
7.610,-0.611
7.612,-0.594
7.614,-0.600
7.616,-0.602
7.618,-0.597
7.620,-0.600
7.622,-0.594
7.624,-0.597
7.626,-0.594
7.628,-0.587
7.630,-0.587
7.632,-0.587
7.634,-0.587
7.636,-0.581
7.638,-0.578
7.640,-0.583
7.642,-0.583
7.644,-0.572
7.646,-0.572
7.648,-0.572
7.650,-0.572
7.652,-0.583
7.654,-0.587
7.656,-0.592
7.658,-0.594
7.660,-0.589
7.662,-0.589
7.664,-0.600
7.666,-0.589
7.668,-0.600
7.670,-0.600
7.672,-0.594
7.674,-0.594
7.676,-0.606
7.678,-0.606
7.680,-0.606
7.682,-0.600
7.684,-0.606
7.686,-0.606
7.688,-0.606
7.690,-0.606
7.692,-0.600
7.694,-0.600
7.696,-0.606
7.698,-0.606
7.700,-0.606
7.702,-0.600
7.704,-0.600
7.706,-0.600
7.708,-0.616
7.710,-0.621
7.712,-0.621
7.714,-0.621
7.716,-0.627
7.718,-0.625
7.720,-0.625
7.722,-0.619
7.724,-0.625
7.726,-0.630
7.728,-0.636
7.730,-0.633
7.732,-0.616
7.734,-0.616
7.736,-0.616
7.738,-0.616
7.740,-0.633
7.742,-0.633
7.744,-0.633
7.746,-0.633
7.748,-0.649
7.750,-0.649
7.752,-0.646
7.754,-0.646
7.756,-0.646
7.758,-0.646
7.760,-0.646
7.762,-0.646
7.764,-0.644
7.766,-0.640
7.768,-0.640
7.770,-0.638
7.772,-0.633
7.774,-0.633
7.776,-0.633
7.778,-0.633
7.780,-0.625
7.782,-0.625
7.784,-0.625
7.786,-0.625
7.788,-0.625
7.790,-0.625
7.792,-0.619
7.794,-0.619
7.796,-0.633
7.798,-0.630
7.800,-0.625
7.802,-0.619
7.804,-0.608
7.806,-0.608
7.808,-0.606
7.810,-0.606
7.812,-0.616
7.814,-0.616
7.816,-0.613
7.818,-0.611
7.820,-0.594
7.822,-0.594
7.824,-0.594
7.826,-0.594
7.828,-0.589
7.830,-0.589
7.832,-0.594
7.834,-0.594
7.836,-0.606
7.838,-0.600
7.840,-0.600
7.842,-0.600
7.844,-0.606
7.846,-0.606
7.848,-0.611
7.850,-0.611
7.852,-0.606
7.854,-0.608
7.856,-0.608
7.858,-0.608
7.860,-0.606
7.862,-0.606
7.864,-0.606
7.866,-0.606
7.868,-0.616
7.870,-0.616
7.872,-0.616
7.874,-0.616
7.876,-0.638
7.878,-0.638
7.880,-0.638
7.882,-0.630
7.884,-0.630
7.886,-0.633
7.888,-0.638
7.890,-0.630
7.892,-0.619
7.894,-0.619
7.896,-0.613
7.898,-0.613
7.900,-0.600
7.902,-0.581
7.904,-0.558
7.906,-0.521
7.908,-0.470
7.910,-0.411
7.912,-0.346
7.914,-0.274
7.916,-0.190
7.918,-0.102
7.920,-0.020
7.922,0.029
7.924,0.065
7.926,0.120
7.928,0.178
7.930,0.227
7.932,0.271
7.934,0.293
7.936,0.320
7.938,0.343
7.940,0.367
7.942,0.372
7.944,0.370
7.946,0.364
7.948,0.381
7.950,0.406
7.952,0.436
7.954,0.484
7.956,0.543
7.958,0.611
7.960,0.655
7.962,0.676
7.964,0.710
7.966,0.754
7.968,0.792
7.970,0.827
7.972,0.844
7.974,0.855
7.976,0.852
7.978,0.822
7.980,0.789
7.982,0.764
7.984,0.726
7.986,0.693
7.988,0.642
7.990,0.597
7.992,0.558
7.994,0.520
7.996,0.463
7.998,0.391
8.000,0.328
8.002,0.288
8.004,0.230
8.006,0.178
8.008,0.162
8.010,0.137
8.012,0.098
8.014,0.054
8.016,-0.006
8.018,-0.066
8.020,-0.124
8.022,-0.196
8.024,-0.270
8.026,-0.340
8.028,-0.409
8.030,-0.453
8.032,-0.489
8.034,-0.539
8.036,-0.578
8.038,-0.611
8.040,-0.627
8.042,-0.630
8.044,-0.633
8.046,-0.640
8.048,-0.652
8.050,-0.657
8.052,-0.663
8.054,-0.663
8.056,-0.674
8.058,-0.674
8.060,-0.674
8.062,-0.674
8.064,-0.680
8.066,-0.684
8.068,-0.684
8.070,-0.688
8.072,-0.690
8.074,-0.690
8.076,-0.693
8.078,-0.701
8.080,-0.701
8.082,-0.704
8.084,-0.704
8.086,-0.696
8.088,-0.684
8.090,-0.684
8.092,-0.684
8.094,-0.684
8.096,-0.690
8.098,-0.690
8.100,-0.696
8.102,-0.696
8.104,-0.684
8.106,-0.684
8.108,-0.684
8.110,-0.684
8.112,-0.690
8.114,-0.690
8.116,-0.690
8.118,-0.690
8.120,-0.684
8.122,-0.684
8.124,-0.684
8.126,-0.684
8.128,-0.676
8.130,-0.682
8.132,-0.684
8.134,-0.688
8.136,-0.688
8.138,-0.684
8.140,-0.684
8.142,-0.688
8.144,-0.690
8.146,-0.688
8.148,-0.693
8.150,-0.690
8.152,-0.699
8.154,-0.699
8.156,-0.699
8.158,-0.701
8.160,-0.707
8.162,-0.707
8.164,-0.718
8.166,-0.718
8.168,-0.718
8.170,-0.724
8.172,-0.734
8.174,-0.734
8.176,-0.743
8.178,-0.743
8.180,-0.745
8.182,-0.745
8.184,-0.756
8.186,-0.756
8.188,-0.762
8.190,-0.767
8.192,-0.767
8.194,-0.762
8.196,-0.762
8.198,-0.764
8.200,-0.770
8.202,-0.770
8.204,-0.770
8.206,-0.775
8.208,-0.787
8.210,-0.789
8.212,-0.792
8.214,-0.800
8.216,-0.806
8.218,-0.811
8.220,-0.817
8.222,-0.819
8.224,-0.817
8.226,-0.825
8.228,-0.836
8.230,-0.844
8.232,-0.846
8.234,-0.852
8.236,-0.855
8.238,-0.855
8.240,-0.861
8.242,-0.869
8.244,-0.880
8.246,-0.880
8.248,-0.888
8.250,-0.893
8.252,-0.896
8.254,-0.901
8.256,-0.890
8.258,-0.893
8.260,-0.896
8.262,-0.899
8.264,-0.896
8.266,-0.896
8.268,-0.899
8.270,-0.896
8.272,-0.904
8.274,-0.896
8.276,-0.893
8.278,-0.888
8.280,-0.907
8.282,-0.893
8.284,-0.896
8.286,-0.890
8.288,-0.871
8.290,-0.866
8.292,-0.861
8.294,-0.849
8.296,-0.846
8.298,-0.842
8.300,-0.844
8.302,-0.838
8.304,-0.833
8.306,-0.827
8.308,-0.811
8.310,-0.800
8.312,-0.806
8.314,-0.794
8.316,-0.783
8.318,-0.773
8.320,-0.770
8.322,-0.753
8.324,-0.737
8.326,-0.734
8.328,-0.718
8.330,-0.709
8.332,-0.699
8.334,-0.688
8.336,-0.676
8.338,-0.663
8.340,-0.652
8.342,-0.644
8.344,-0.625
8.346,-0.611
8.348,-0.592
8.350,-0.583
8.352,-0.578
8.354,-0.570
8.356,-0.570
8.358,-0.567
8.360,-0.570
8.362,-0.570
8.364,-0.567
8.366,-0.570
8.368,-0.564
8.370,-0.575
8.372,-0.583
8.374,-0.583
8.376,-0.581
8.378,-0.589
8.380,-0.592
8.382,-0.592
8.384,-0.589
8.386,-0.592
8.388,-0.597
8.390,-0.600
8.392,-0.592
8.394,-0.594
8.396,-0.592
8.398,-0.592
8.400,-0.606
8.402,-0.608
8.404,-0.608
8.406,-0.616
8.408,-0.630
8.410,-0.630
8.412,-0.627
8.414,-0.630
8.416,-0.625
8.418,-0.630
8.420,-0.630
8.422,-0.630
8.424,-0.646
8.426,-0.646
8.428,-0.646
8.430,-0.644
8.432,-0.661
8.434,-0.661
8.436,-0.661
8.438,-0.661
8.440,-0.646
8.442,-0.644
8.444,-0.644
8.446,-0.649
8.448,-0.638
8.450,-0.638
8.452,-0.638
8.454,-0.640
8.456,-0.652
8.458,-0.652
8.460,-0.649
8.462,-0.649
8.464,-0.652
8.466,-0.657
8.468,-0.657
8.470,-0.657
8.472,-0.661
8.474,-0.661
8.476,-0.663
8.478,-0.663
8.480,-0.674
8.482,-0.674
8.484,-0.674
8.486,-0.671
8.488,-0.676
8.490,-0.682
8.492,-0.684
8.494,-0.680
8.496,-0.680
8.498,-0.676
8.500,-0.682
8.502,-0.682
8.504,-0.684
8.506,-0.684
8.508,-0.684
8.510,-0.684
8.512,-0.680
8.514,-0.676
8.516,-0.682
8.518,-0.682
8.520,-0.688
8.522,-0.688
8.524,-0.688
8.526,-0.688
8.528,-0.680
8.530,-0.674
8.532,-0.671
8.534,-0.665
8.536,-0.665
8.538,-0.661
8.540,-0.665
8.542,-0.649
8.544,-0.633
8.546,-0.633
8.548,-0.627
8.550,-0.627
8.552,-0.633
8.554,-0.633
8.556,-0.633
8.558,-0.627
8.560,-0.627
8.562,-0.627
8.564,-0.627
8.566,-0.627
8.568,-0.644
8.570,-0.644
8.572,-0.649
8.574,-0.649
8.576,-0.638
8.578,-0.633
8.580,-0.633
8.582,-0.633
8.584,-0.633
8.586,-0.638
8.588,-0.638
8.590,-0.638
8.592,-0.627
8.594,-0.625
8.596,-0.625
8.598,-0.619
8.600,-0.619
8.602,-0.625
8.604,-0.625
8.606,-0.625
8.608,-0.630
8.610,-0.630
8.612,-0.630
8.614,-0.636
8.616,-0.636
8.618,-0.636
8.620,-0.638
8.622,-0.638
8.624,-0.655
8.626,-0.655
8.628,-0.655
8.630,-0.655
8.632,-0.671
8.634,-0.671
8.636,-0.671
8.638,-0.665
8.640,-0.665
8.642,-0.665
8.644,-0.661
8.646,-0.663
8.648,-0.663
8.650,-0.663
8.652,-0.674
8.654,-0.674
8.656,-0.669
8.658,-0.674
8.660,-0.669
8.662,-0.671
8.664,-0.671
8.666,-0.671
8.668,-0.671
8.670,-0.671
8.672,-0.671
8.674,-0.671
8.676,-0.671
8.678,-0.671
8.680,-0.676
8.682,-0.676
8.684,-0.676
8.686,-0.676
8.688,-0.682
8.690,-0.682
8.692,-0.682
8.694,-0.682
8.696,-0.693
8.698,-0.693
8.700,-0.693
8.702,-0.693
8.704,-0.696
8.706,-0.699
8.708,-0.701
8.710,-0.704
8.712,-0.699
8.714,-0.699
8.716,-0.699
8.718,-0.699
8.720,-0.693
8.722,-0.693
8.724,-0.693
8.726,-0.693
8.728,-0.688
8.730,-0.688
8.732,-0.688
8.734,-0.688
8.736,-0.669
8.738,-0.661
8.740,-0.652
8.742,-0.644
8.744,-0.649
8.746,-0.649
8.748,-0.649
8.750,-0.649
8.752,-0.649
8.754,-0.649
8.756,-0.646
8.758,-0.646
8.760,-0.646
8.762,-0.646
8.764,-0.646
8.766,-0.646
8.768,-0.652
8.770,-0.652
8.772,-0.655
8.774,-0.655
8.776,-0.665
8.778,-0.665
8.780,-0.665
8.782,-0.665
8.784,-0.663
8.786,-0.663
8.788,-0.663
8.790,-0.663
8.792,-0.680
8.794,-0.680
8.796,-0.674
8.798,-0.674
8.800,-0.680
8.802,-0.680
8.804,-0.676
8.806,-0.674
8.808,-0.674
8.810,-0.674
8.812,-0.671
8.814,-0.671
8.816,-0.674
8.818,-0.676
8.820,-0.676
8.822,-0.676
8.824,-0.676
8.826,-0.676
8.828,-0.676
8.830,-0.676
8.832,-0.676
8.834,-0.676
8.836,-0.682
8.838,-0.682
8.840,-0.676
8.842,-0.671
8.844,-0.671
8.846,-0.671
8.848,-0.676
8.850,-0.676
8.852,-0.682
8.854,-0.682
8.856,-0.682
8.858,-0.684
8.860,-0.684
8.862,-0.684
8.864,-0.676
8.866,-0.676
8.868,-0.676
8.870,-0.676
8.872,-0.682
8.874,-0.682
8.876,-0.682
8.878,-0.682
8.880,-0.688
8.882,-0.688
8.884,-0.688
8.886,-0.680
8.888,-0.684
8.890,-0.671
8.892,-0.682
8.894,-0.684
8.896,-0.674
8.898,-0.663
8.900,-0.657
8.902,-0.646
8.904,-0.633
8.906,-0.597
8.908,-0.581
8.910,-0.553
8.912,-0.502
8.914,-0.445
8.916,-0.379
8.918,-0.297
8.920,-0.196
8.922,-0.102
8.924,-0.020
8.926,0.025
8.928,0.044
8.930,0.093
8.932,0.151
8.934,0.210
8.936,0.260
8.938,0.299
8.940,0.331
8.942,0.364
8.944,0.383
8.946,0.378
8.948,0.375
8.950,0.375
8.952,0.375
8.954,0.411
8.956,0.446
8.958,0.474
8.960,0.531
8.962,0.606
8.964,0.661
8.966,0.676
8.968,0.699
8.970,0.743
8.972,0.792
8.974,0.822
8.976,0.833
8.978,0.838
8.980,0.830
8.982,0.794
8.984,0.773
8.986,0.743
8.988,0.715
8.990,0.665
8.992,0.619
8.994,0.570
8.996,0.537
8.998,0.509
9.000,0.463
9.002,0.408
9.004,0.351
9.006,0.288
9.008,0.235
9.010,0.194
9.012,0.156
9.014,0.131
9.016,0.098
9.018,0.076
9.020,0.010
9.022,-0.049
9.024,-0.118
9.026,-0.184
9.028,-0.264
9.030,-0.346
9.032,-0.398
9.034,-0.442
9.036,-0.478
9.038,-0.519
9.040,-0.567
9.042,-0.616
9.044,-0.644
9.046,-0.657
9.048,-0.665
9.050,-0.684
9.052,-0.696
9.054,-0.701
9.056,-0.707
9.058,-0.707
9.060,-0.724
9.062,-0.724
9.064,-0.724
9.066,-0.724
9.068,-0.707
9.070,-0.712
9.072,-0.712
9.074,-0.715
9.076,-0.701
9.078,-0.701
9.080,-0.704
9.082,-0.712
9.084,-0.712
9.086,-0.715
9.088,-0.715
9.090,-0.707
9.092,-0.699
9.094,-0.701
9.096,-0.704
9.098,-0.707
9.100,-0.712
9.102,-0.712
9.104,-0.718
9.106,-0.718
9.108,-0.712
9.110,-0.712
9.112,-0.712
9.114,-0.712
9.116,-0.718
9.118,-0.718
9.120,-0.718
9.122,-0.718
9.124,-0.734
9.126,-0.734
9.128,-0.734
9.130,-0.734
9.132,-0.734
9.134,-0.737
9.136,-0.737
9.138,-0.737
9.140,-0.758
9.142,-0.756
9.144,-0.756
9.146,-0.758
9.148,-0.770
9.150,-0.770
9.152,-0.778
9.154,-0.778
9.156,-0.770
9.158,-0.770
9.160,-0.770
9.162,-0.773
9.164,-0.789
9.166,-0.789
9.168,-0.800
9.170,-0.800
9.172,-0.806
9.174,-0.811
9.176,-0.821
9.178,-0.821
9.180,-0.821
9.182,-0.819
9.184,-0.819
9.186,-0.817
9.188,-0.821
9.190,-0.827
9.192,-0.838
9.194,-0.849
9.196,-0.844
9.198,-0.844
9.200,-0.849
9.202,-0.857
9.204,-0.869
9.206,-0.869
9.208,-0.869
9.210,-0.874
9.212,-0.880
9.214,-0.888
9.216,-0.896
9.218,-0.910
9.220,-0.915
9.222,-0.915
9.224,-0.915
9.226,-0.912
9.228,-0.907
9.230,-0.912
9.232,-0.920
9.234,-0.926
9.236,-0.929
9.238,-0.929
9.240,-0.926
9.242,-0.920
9.244,-0.910
9.246,-0.918
9.248,-0.929
9.250,-0.929
9.252,-0.920
9.254,-0.926
9.256,-0.929
9.258,-0.935
9.260,-0.935
9.262,-0.937
9.264,-0.939
9.266,-0.943
9.268,-0.945
9.270,-0.945
9.272,-0.948
9.274,-0.945
9.276,-0.958
9.278,-0.951
9.280,-0.948
9.282,-0.943
9.284,-0.956
9.286,-0.943
9.288,-0.945
9.290,-0.939
9.292,-0.943
9.294,-0.937
9.296,-0.931
9.298,-0.920
9.300,-0.918
9.302,-0.907
9.304,-0.904
9.306,-0.893
9.308,-0.888
9.310,-0.882
9.312,-0.866
9.314,-0.855
9.316,-0.855
9.318,-0.844
9.320,-0.833
9.322,-0.821
9.324,-0.825
9.326,-0.808
9.328,-0.792
9.330,-0.789
9.332,-0.751
9.334,-0.743
9.336,-0.731
9.338,-0.720
9.340,-0.715
9.342,-0.701
9.344,-0.690
9.346,-0.682
9.348,-0.661
9.350,-0.649
9.352,-0.633
9.354,-0.627
9.356,-0.621
9.358,-0.619
9.360,-0.625
9.362,-0.627
9.364,-0.613
9.366,-0.613
9.368,-0.611
9.370,-0.613
9.372,-0.597
9.374,-0.608
9.376,-0.616
9.378,-0.616
9.380,-0.619
9.382,-0.627
9.384,-0.630
9.386,-0.630
9.388,-0.633
9.390,-0.636
9.392,-0.640
9.394,-0.644
9.396,-0.640
9.398,-0.638
9.400,-0.630
9.402,-0.625
9.404,-0.621
9.406,-0.625
9.408,-0.625
9.410,-0.633
9.412,-0.630
9.414,-0.630
9.416,-0.627
9.418,-0.630
9.420,-0.630
9.422,-0.636
9.424,-0.636
9.426,-0.636
9.428,-0.640
9.430,-0.640
9.432,-0.640
9.434,-0.638
9.436,-0.655
9.438,-0.655
9.440,-0.655
9.442,-0.655
9.444,-0.657
9.446,-0.655
9.448,-0.655
9.450,-0.661
9.452,-0.671
9.454,-0.671
9.456,-0.671
9.458,-0.674
9.460,-0.674
9.462,-0.674
9.464,-0.671
9.466,-0.671
9.468,-0.680
9.470,-0.684
9.472,-0.684
9.474,-0.684
9.476,-0.682
9.478,-0.682
9.480,-0.684
9.482,-0.684
9.484,-0.684
9.486,-0.684
9.488,-0.684
9.490,-0.682
9.492,-0.676
9.494,-0.682
9.496,-0.684
9.498,-0.680
9.500,-0.674
9.502,-0.671
9.504,-0.676
9.506,-0.676
9.508,-0.680
9.510,-0.680
9.512,-0.680
9.514,-0.680
9.516,-0.674
9.518,-0.665
9.520,-0.665
9.522,-0.661
9.524,-0.671
9.526,-0.676
9.528,-0.682
9.530,-0.688
9.532,-0.688
9.534,-0.690
9.536,-0.696
9.538,-0.699
9.540,-0.699
9.542,-0.699
9.544,-0.709
9.546,-0.699
9.548,-0.699
9.550,-0.699
9.552,-0.693
9.554,-0.693
9.556,-0.693
9.558,-0.693
9.560,-0.693
9.562,-0.688
9.564,-0.682
9.566,-0.682
9.568,-0.682
9.570,-0.682
9.572,-0.665
9.574,-0.676
9.576,-0.676
9.578,-0.671
9.580,-0.671
9.582,-0.671
9.584,-0.671
9.586,-0.665
9.588,-0.665
9.590,-0.665
9.592,-0.665
9.594,-0.682
9.596,-0.682
9.598,-0.680
9.600,-0.680
9.602,-0.674
9.604,-0.674
9.606,-0.674
9.608,-0.674
9.610,-0.680
9.612,-0.680
9.614,-0.682
9.616,-0.682
9.618,-0.693
9.620,-0.693
9.622,-0.693
9.624,-0.693
9.626,-0.690
9.628,-0.690
9.630,-0.690
9.632,-0.690
9.634,-0.688
9.636,-0.684
9.638,-0.676
9.640,-0.674
9.642,-0.680
9.644,-0.680
9.646,-0.676
9.648,-0.674
9.650,-0.680
9.652,-0.680
9.654,-0.676
9.656,-0.676
9.658,-0.674
9.660,-0.676
9.662,-0.676
9.664,-0.676
9.666,-0.671
9.668,-0.671
9.670,-0.671
9.672,-0.671
9.674,-0.657
9.676,-0.655
9.678,-0.657
9.680,-0.655
9.682,-0.649
9.684,-0.644
9.686,-0.644
9.688,-0.644
9.690,-0.655
9.692,-0.655
9.694,-0.661
9.696,-0.661
9.698,-0.676
9.700,-0.680
9.702,-0.680
9.704,-0.680
9.706,-0.676
9.708,-0.676
9.710,-0.676
9.712,-0.676
9.714,-0.671
9.716,-0.671
9.718,-0.671
9.720,-0.671
9.722,-0.671
9.724,-0.671
9.726,-0.671
9.728,-0.663
9.730,-0.663
9.732,-0.665
9.734,-0.671
9.736,-0.657
9.738,-0.657
9.740,-0.652
9.742,-0.640
9.744,-0.636
9.746,-0.627
9.748,-0.619
9.750,-0.581
9.752,-0.547
9.754,-0.502
9.756,-0.451
9.758,-0.396
9.760,-0.318
9.762,-0.234
9.764,-0.135
9.766,-0.053
9.768,0.019
9.770,0.060
9.772,0.082
9.774,0.117
9.776,0.194
9.778,0.244
9.780,0.293
9.782,0.326
9.784,0.358
9.786,0.400
9.788,0.411
9.790,0.419
9.792,0.419
9.794,0.425
9.796,0.455
9.798,0.496
9.800,0.539
9.802,0.597
9.804,0.676
9.806,0.758
9.808,0.798
9.810,0.819
9.812,0.857
9.814,0.918
9.816,0.960
9.818,0.975
9.820,0.987
9.822,1.000
9.824,0.981
9.826,0.954
9.828,0.924
9.830,0.891
9.832,0.852
9.834,0.806
9.836,0.734
9.838,0.674
9.840,0.636
9.842,0.594
9.844,0.534
9.846,0.471
9.848,0.397
9.850,0.339
9.852,0.282
9.854,0.210
9.856,0.175
9.858,0.147
9.860,0.120
9.862,0.076
9.864,0.027
9.866,-0.042
9.868,-0.118
9.870,-0.181
9.872,-0.270
9.874,-0.338
9.876,-0.415
9.878,-0.461
9.880,-0.491
9.882,-0.534
9.884,-0.583
9.886,-0.621
9.888,-0.646
9.890,-0.649
9.892,-0.657
9.894,-0.680
9.896,-0.684
9.898,-0.690
9.900,-0.690
9.902,-0.707
9.904,-0.712
9.906,-0.718
9.908,-0.724
9.910,-0.724
9.912,-0.729
9.914,-0.729
9.916,-0.731
9.918,-0.739
9.920,-0.739
9.922,-0.743
9.924,-0.751
9.926,-0.739
9.928,-0.743
9.930,-0.743
9.932,-0.734
9.934,-0.731
9.936,-0.729
9.938,-0.726
9.940,-0.724
9.942,-0.739
9.944,-0.739
9.946,-0.745
9.948,-0.745
9.950,-0.729
9.952,-0.729
9.954,-0.729
9.956,-0.729
9.958,-0.729
9.960,-0.729
9.962,-0.729
9.964,-0.729
9.966,-0.734
9.968,-0.734
9.970,-0.734
9.972,-0.734
9.974,-0.739
9.976,-0.743
9.978,-0.743
9.980,-0.743
9.982,-0.753
9.984,-0.751
9.986,-0.751
9.988,-0.753
9.990,-0.748
9.992,-0.748
9.994,-0.756
9.996,-0.756
9.998,-0.764
10.000,-0.764
